
G92 B-0
G92 B-0

;LAYER_COUNT:13
;LAYER:0

G0 F300 X-3.867 Y-4.42 Z0.3
;TYPE:SKIRT
G1 F300 B-0
G1 F150 X-4.136 Y-4.456 B-0.00511
G1 X-4.01 Y-4.47 B-0.00749
G1 X-4.042 Y-4.701 B-0.01188
G1 X-3.868 Y-4.739 B-0.01523
G1 X-4.042 Y-4.701 B-0.01858
G1 X-4.134 Y-4.723 B-0.02036
G1 X-4.01 Y-4.47 B-0.02566
G1 X-3.867 Y-4.42 B-0.02851
G1 F300 B--6.47149
G0 F60 X-4.457 Y-2.661
G1 F300 B-0.02851
G1 F150 X-4.671 Y-2.552 B-0.03302
G1 X-5.201 Y-2.452 B-0.04317
G1 X-5.669 Y-2.51 B-0.05204
G1 X-6.423 Y-2.774 B-0.06707
G1 X-6.807 Y-2.814 B-0.07433
G1 X-5.98 Y-2.499 B-0.09098
G1 X-5.174 Y-2.138 B-0.10759
G1 X-4.457 Y-1.622 B-0.12421
G1 X-4.457 Y-2.661 B-0.14375
G0 F60 X-4.669 Y-2.995
G1 F150 X-4.841 Y-2.914 B-0.14733
G1 X-5.264 Y-2.847 B-0.15538
G1 X-5.537 Y-2.888 B-0.16057
G1 X-6.334 Y-3.167 B-0.17646
G1 X-7.079 Y-3.245 B-0.19055
G1 X-7.546 Y-3.195 B-0.19938
G1 X-7.719 Y-3.096 B-0.20313
G1 X-7.701 Y-2.868 B-0.20744
G1 X-7.575 Y-2.744 B-0.21076
G1 X-6.991 Y-2.456 B-0.22301
G1 X-6.144 Y-2.134 B-0.24005
G1 X-5.376 Y-1.79 B-0.25588
G1 X-4.612 Y-1.24 B-0.27359
G1 X-4.216 Y-.761 B-0.28528
G1 X-4.057 Y-.466 B-0.29159
G1 X-4.057 Y-4.073 B-0.35944
G1 X-4.265 Y-3.493 B-0.37103
G1 X-4.447 Y-3.197 B-0.37756
G1 X-4.669 Y-2.995 B-0.38321
G1 F300 B--6.11679
G0 F60 X-4.076 Y-5.05
G0 X-4.496 Y-12.621
G1 F300 B-0.38321
G1 F150 X-3.822 Y-12.723 B-0.39603
G1 X0.679 Y-12.678 B-0.4807
G1 X1.711 Y-12.493 B-0.50042
G1 X2.022 Y-12.579 B-0.50649
G1 X3.315 Y-12.749 B-0.53102
G1 X5.272 Y-12.777 B-0.56784
G1 X6.787 Y-12.472 B-0.59691
G1 X7.085 Y-12.561 B-0.60276
G1 X8.509 Y-12.749 B-0.62978
G1 X10.471 Y-12.777 B-0.66669
G1 X12.567 Y-12.351 B-0.70692
G1 X14.338 Y-11.358 B-0.74512
G1 X15.336 Y-10.585 B-0.76886
G1 X16.428 Y-9.23 B-0.8016
G1 X17.414 Y-7.249 B-0.84322
G1 X17.652 Y-5.505 B-0.87633
G1 X17.688 Y3.714 B-1.04975
G1 X17.265 Y5.783 B-1.08947
G1 X16.271 Y7.553 B-1.12766
G1 X15.497 Y8.554 B-1.15146
G1 X14.143 Y9.641 B-1.18412
G1 X12.14 Y10.637 B-1.2262
G1 X10.33 Y10.877 B-1.26054
G1 X8.371 Y10.905 B-1.2974
G1 X6.856 Y10.6 B-1.32647
G1 X6.558 Y10.689 B-1.33232
G1 X5.134 Y10.877 B-1.35933
G1 X3.169 Y10.905 B-1.3963
G1 X1.214 Y10.508 B-1.43383
G1 X0.79 Y10.312 B-1.44261
G1 X0.134 Y10.637 B-1.45638
G1 X-1.676 Y10.877 B-1.49073
G1 X-3.638 Y10.905 B-1.52764
G1 X-4.74 Y10.673 B-1.54882
G1 X-4.952 Y10.729 B-1.55295
G1 X-6.836 Y11.058 B-1.58892
G1 X-8.922 Y10.961 B-1.6282
G1 X-10.356 Y10.765 B-1.65543
G1 X-11.843 Y10.391 B-1.68427
G1 X-13.245 Y9.82 B-1.71275
G1 X-14.776 Y8.95 B-1.74587
G1 X-16.364 Y7.114 B-1.79153
G1 X-17.115 Y5.543 B-1.82429
G1 X-17.593 Y3.621 B-1.86154
G1 X-17.593 Y1.193 B-1.90722
G1 X-17.169 Y-.572 B-1.94136
G1 X-17.438 Y-1.619 B-1.96169
G1 X-17.492 Y-4.31 B-2.01232
G1 X-16.786 Y-6.815 B-2.06128
G1 X-15.848 Y-8.53 B-2.09805
G1 X-14.49 Y-10.133 B-2.13757
G1 X-12.615 Y-11.544 B-2.18171
G1 X-10.132 Y-12.554 B-2.23213
G1 X-8.007 Y-12.851 B-2.27249
G1 X-6.994 Y-12.883 B-2.29156
G1 X-4.911 Y-12.709 B-2.33088
G1 X-4.496 Y-12.621 B-2.33886
G0 F60 X-4.509 Y-12.214
G1 F150 X-3.762 Y-12.327 B-2.35307
G1 X0.608 Y-12.284 B-2.43527
G1 X1.733 Y-12.082 B-2.45678
G1 X2.074 Y-12.182 B-2.46346
G1 X3.367 Y-12.352 B-2.48799
G1 X5.236 Y-12.376 B-2.52315
G1 X6.81 Y-12.059 B-2.55335
G1 X7.137 Y-12.164 B-2.55981
G1 X8.561 Y-12.352 B-2.58683
G1 X10.433 Y-12.376 B-2.62205
G1 X12.427 Y-11.971 B-2.66032
G1 X14.093 Y-11.042 B-2.6962
G1 X15.055 Y-10.297 B-2.71909
G1 X16.089 Y-9.014 B-2.75009
G1 X17.027 Y-7.13 B-2.78968
G1 X17.252 Y-5.503 B-2.82057
G1 X17.288 Y3.674 B-2.9932
G1 X16.885 Y5.643 B-3.031
G1 X15.955 Y7.308 B-3.06688
G1 X15.211 Y8.27 B-3.08975
G1 X13.924 Y9.304 B-3.12081
G1 X12.023 Y10.249 B-3.16074
G1 X10.278 Y10.48 B-3.19385
G1 X8.407 Y10.504 B-3.22905
G1 X6.833 Y10.187 B-3.25925
G1 X6.506 Y10.292 B-3.26571
G1 X5.082 Y10.48 B-3.29273
G1 X3.207 Y10.504 B-3.328
G1 X1.294 Y10.116 B-3.36472
G1 X0.791 Y9.865 B-3.3753
G1 X0.017 Y10.249 B-3.39155
G1 X-1.728 Y10.48 B-3.42466
G1 X-3.602 Y10.504 B-3.45991
G1 X-4.753 Y10.262 B-3.48204
G1 X-5.021 Y10.335 B-3.48726
G1 X-6.859 Y10.656 B-3.52236
G1 X-8.903 Y10.561 B-3.56085
G1 X-10.258 Y10.377 B-3.58657
G1 X-11.745 Y10.003 B-3.61541
G1 X-13.047 Y9.472 B-3.64186
G1 X-14.518 Y8.636 B-3.67369
G1 X-16.026 Y6.892 B-3.71706
G1 X-16.738 Y5.404 B-3.74809
G1 X-17.193 Y3.573 B-3.78358
G1 X-17.193 Y1.241 B-3.82745
G1 X-16.757 Y-.572 B-3.86252
G1 X-17.039 Y-1.671 B-3.88386
G1 X-17.091 Y-4.259 B-3.93256
G1 X-16.414 Y-6.662 B-3.97952
G1 X-15.515 Y-8.305 B-4.01475
G1 X-14.216 Y-9.839 B-4.05256
G1 X-12.415 Y-11.194 B-4.09495
G1 X-10.029 Y-12.165 B-4.14341
G1 X-7.994 Y-12.451 B-4.18206
G1 X-6.981 Y-12.483 B-4.20113
G1 X-4.945 Y-12.31 B-4.23957
G1 X-4.509 Y-12.214 B-4.24796
G0 F60 X-4.522 Y-11.807
G1 F150 X-3.765 Y-11.927 B-4.26238
G1 X0.537 Y-11.89 B-4.34331
G1 X1.757 Y-11.671 B-4.36662
G1 X2.126 Y-11.785 B-4.37389
G1 X3.419 Y-11.955 B-4.39842
G1 X5.199 Y-11.975 B-4.4319
G1 X6.838 Y-11.645 B-4.46335
G1 X7.189 Y-11.767 B-4.47034
G1 X8.613 Y-11.955 B-4.49736
G1 X10.396 Y-11.975 B-4.5309
G1 X12.286 Y-11.592 B-4.56718
G1 X13.848 Y-10.726 B-4.60077
G1 X14.774 Y-10.009 B-4.6228
G1 X15.75 Y-8.798 B-4.65206
G1 X16.64 Y-7.011 B-4.68961
G1 X16.852 Y-5.501 B-4.7183
G1 X16.888 Y3.634 B-4.89013
G1 X16.506 Y5.502 B-4.926
G1 X15.639 Y7.063 B-4.95958
G1 X14.924 Y7.988 B-4.98158
G1 X13.707 Y8.965 B-5.01093
G1 X11.907 Y9.86 B-5.04875
G1 X10.225 Y10.083 B-5.08066
G1 X8.444 Y10.103 B-5.11417
G1 X6.805 Y9.773 B-5.14562
G1 X6.454 Y9.895 B-5.15261
G1 X5.03 Y10.083 B-5.17962
G1 X3.244 Y10.103 B-5.21322
G1 X1.373 Y9.724 B-5.24913
G1 X0.799 Y9.415 B-5.26139
G1 X-0.099 Y9.86 B-5.28025
G1 X-1.781 Y10.083 B-5.31216
G1 X-3.565 Y10.103 B-5.34572
G1 X-4.766 Y9.851 B-5.36881
G1 X-5.09 Y9.941 B-5.37513
G1 X-6.882 Y10.254 B-5.40935
G1 X-8.884 Y10.161 B-5.44705
G1 X-10.16 Y9.989 B-5.47127
G1 X-11.647 Y9.615 B-5.50011
G1 X-12.849 Y9.124 B-5.52454
G1 X-14.26 Y8.322 B-5.55506
G1 X-15.69 Y6.669 B-5.59618
G1 X-16.36 Y5.267 B-5.62541
G1 X-16.793 Y3.525 B-5.65917
G1 X-16.793 Y1.287 B-5.70127
G1 X-16.389 Y-.413 B-5.73414
G1 X-16.339 Y-.55 B-5.73688
G1 X-16.64 Y-1.723 B-5.75966
G1 X-16.69 Y-4.208 B-5.80642
G1 X-16.042 Y-6.509 B-5.85138
G1 X-15.184 Y-8.077 B-5.88501
G1 X-13.939 Y-9.547 B-5.92124
G1 X-12.215 Y-10.844 B-5.96182
G1 X-9.925 Y-11.776 B-6.00833
G1 X-7.981 Y-12.051 B-6.04526
G1 X-6.968 Y-12.083 B-6.06433
G1 X-5.031 Y-11.919 B-6.10089
G1 X-4.522 Y-11.807 B-6.1107
G0 F60 X-4.393 Y-11.427
G1 F150 X-3.705 Y-11.531 B-6.12379
G1 X0.466 Y-11.496 B-6.20225
G1 X1.785 Y-11.259 B-6.22746
G1 X2.178 Y-11.388 B-6.23524
G1 X3.471 Y-11.558 B-6.25977
G1 X5.162 Y-11.575 B-6.29158
G1 X6.644 Y-11.276 B-6.32002
G1 X6.823 Y-11.213 B-6.32359
G1 X7.241 Y-11.37 B-6.33199
G1 X8.665 Y-11.558 B-6.359
G1 X10.359 Y-11.575 B-6.39087
G1 X12.145 Y-11.213 B-6.42515
G1 X13.654 Y-10.376 B-6.45761
G1 X14.49 Y-9.724 B-6.47755
G1 X15.413 Y-8.578 B-6.50523
G1 X16.253 Y-6.892 B-6.54066
G1 X16.452 Y-5.499 B-6.56713
G1 X16.488 Y3.594 B-6.73818
G1 X16.126 Y5.361 B-6.77211
G1 X15.289 Y6.869 B-6.80455
G1 X14.639 Y7.703 B-6.82444
G1 X13.488 Y8.628 B-6.85222
G1 X11.79 Y9.472 B-6.88788
G1 X10.173 Y9.686 B-6.91857
G1 X8.481 Y9.703 B-6.9504
G1 X6.999 Y9.404 B-6.97883
G1 X6.82 Y9.341 B-6.9824
G1 X6.402 Y9.498 B-6.9908
G1 X4.978 Y9.686 B-7.01782
G1 X3.282 Y9.703 B-7.04973
G1 X1.509 Y9.343 B-7.08376
G1 X0.806 Y8.965 B-7.09877
G1 X-.216 Y9.472 B-7.12023
G1 X-1.833 Y9.686 B-7.15091
G1 X-3.528 Y9.703 B-7.1828
G1 X-4.782 Y9.44 B-7.2069
G1 X-5.159 Y9.547 B-7.21427
G1 X-6.905 Y9.852 B-7.24761
G1 X-8.865 Y9.761 B-7.28452
G1 X-10.062 Y9.601 B-7.30724
G1 X-11.549 Y9.227 B-7.33608
G1 X-12.651 Y8.776 B-7.35848
G1 X-14.002 Y8.008 B-7.38771
G1 X-15.352 Y6.447 B-7.42653
G1 X-15.982 Y5.129 B-7.45401
G1 X-16.393 Y3.476 B-7.48605
G1 X-16.393 Y1.333 B-7.52636
G1 X-16 Y-.321 B-7.55834
G1 X-15.92 Y-.523 B-7.56243
G1 X-16.241 Y-1.775 B-7.58674
G1 X-16.289 Y-4.157 B-7.63156
G1 X-15.669 Y-6.357 B-7.67455
G1 X-14.853 Y-7.849 B-7.70654
G1 X-13.662 Y-9.255 B-7.7412
G1 X-12.018 Y-10.492 B-7.7799
G1 X-9.818 Y-11.387 B-7.82458
G1 X-7.968 Y-11.651 B-7.85973
G1 X-6.955 Y-11.683 B-7.8788
G1 X-5.117 Y-11.528 B-7.91349
G1 X-4.515 Y-11.396 B-7.92508
G1 X-4.393 Y-11.427 B-7.92745
G0 F60 X-4.333 Y-11.031
G1 F150 X-3.645 Y-11.135 B-7.94054
G1 X0.395 Y-11.102 B-8.01654
G1 X1.817 Y-10.846 B-8.04372
G1 X2.23 Y-10.991 B-8.05195
G1 X3.523 Y-11.161 B-8.07648
G1 X5.125 Y-11.175 B-8.10662
G1 X6.565 Y-10.884 B-8.13425
G1 X6.827 Y-10.782 B-8.13954
G1 X7.293 Y-10.973 B-8.14901
G1 X8.717 Y-11.161 B-8.17603
G1 X10.322 Y-11.175 B-8.20623
G1 X12.004 Y-10.834 B-8.23851
G1 X13.46 Y-10.026 B-8.26983
G1 X14.205 Y-9.44 B-8.28766
G1 X15.076 Y-8.358 B-8.31379
G1 X15.866 Y-6.773 B-8.3471
G1 X16.052 Y-5.497 B-8.37136
G1 X16.088 Y3.554 B-8.54161
G1 X15.746 Y5.22 B-8.57361
G1 X14.939 Y6.675 B-8.6049
G1 X14.353 Y7.42 B-8.62273
G1 X13.271 Y8.289 B-8.64884
G1 X11.674 Y9.083 B-8.68239
G1 X10.12 Y9.289 B-8.71187
G1 X8.518 Y9.303 B-8.74201
G1 X7.078 Y9.012 B-8.76964
G1 X6.816 Y8.91 B-8.77493
G1 X6.35 Y9.101 B-8.78441
G1 X4.926 Y9.289 B-8.81142
G1 X3.321 Y9.303 B-8.84162
G1 X1.645 Y8.962 B-8.87379
G1 X0.813 Y8.515 B-8.89155
G1 X-.332 Y9.083 B-8.9156
G1 X-1.886 Y9.289 B-8.94508
G1 X-3.491 Y9.303 B-8.97528
G1 X-4.797 Y9.029 B-9.00038
G1 X-5.268 Y9.162 B-9.00958
G1 X-6.928 Y9.45 B-9.04128
G1 X-8.813 Y9.364 B-9.07677
G1 X-9.965 Y9.213 B-9.09863
G1 X-11.399 Y8.856 B-9.12642
G1 X-12.453 Y8.428 B-9.14782
G1 X-13.744 Y7.694 B-9.17576
G1 X-15.014 Y6.225 B-9.21229
G1 X-15.604 Y4.991 B-9.23801
G1 X-15.993 Y3.427 B-9.26833
G1 X-15.993 Y1.379 B-9.30685
G1 X-15.611 Y-.229 B-9.33794
G1 X-15.499 Y-.491 B-9.3433
G1 X-15.842 Y-1.831 B-9.36932
G1 X-15.888 Y-4.106 B-9.41212
G1 X-15.297 Y-6.204 B-9.45313
G1 X-14.522 Y-7.621 B-9.48351
G1 X-13.385 Y-8.963 B-9.51659
G1 X-11.818 Y-10.142 B-9.55348
G1 X-9.715 Y-10.998 B-9.59619
G1 X-7.955 Y-11.251 B-9.62964
G1 X-6.942 Y-11.283 B-9.6487
G1 X-5.203 Y-11.137 B-9.68153
G1 X-4.505 Y-10.984 B-9.69497
G1 X-4.333 Y-11.031 B-9.69832
G0 F60 X-4.273 Y-10.635
G1 F150 X-3.585 Y-10.739 B-9.71141
G1 X0.324 Y-10.708 B-9.78494
G1 X1.854 Y-10.432 B-9.81419
G1 X2.282 Y-10.594 B-9.8228
G1 X3.575 Y-10.764 B-9.84733
G1 X5.087 Y-10.775 B-9.87577
G1 X6.486 Y-10.492 B-9.90262
G1 X6.831 Y-10.345 B-9.90967
G1 X7.345 Y-10.576 B-9.92027
G1 X8.769 Y-10.764 B-9.94729
G1 X10.283 Y-10.775 B-9.97577
G1 X11.864 Y-10.454 B-10.00612
G1 X13.266 Y-9.676 B-10.03628
G1 X13.92 Y-9.155 B-10.05201
G1 X14.737 Y-8.14 B-10.07652
G1 X15.479 Y-6.652 B-10.1078
G1 X15.656 Y-5.439 B-10.13085
G1 X15.688 Y3.513 B-10.29925
G1 X15.366 Y5.08 B-10.32934
G1 X14.589 Y6.481 B-10.35947
G1 X14.068 Y7.135 B-10.3752
G1 X13.052 Y7.952 B-10.39973
G1 X11.557 Y8.695 B-10.43113
G1 X10.068 Y8.892 B-10.45938
G1 X8.556 Y8.903 B-10.48783
G1 X7.157 Y8.62 B-10.51468
G1 X6.812 Y8.473 B-10.52173
G1 X6.298 Y8.704 B-10.53233
G1 X4.874 Y8.892 B-10.55935
G1 X3.36 Y8.903 B-10.58783
G1 X1.782 Y8.582 B-10.61812
G1 X0.821 Y8.065 B-10.63865
G1 X-.449 Y8.695 B-10.66531
G1 X-1.938 Y8.892 B-10.69357
G1 X-3.454 Y8.903 B-10.72208
G1 X-4.812 Y8.617 B-10.74819
G1 X-5.377 Y8.777 B-10.75923
G1 X-6.951 Y9.048 B-10.78928
G1 X-8.762 Y8.967 B-10.82338
G1 X-9.868 Y8.825 B-10.84435
G1 X-11.302 Y8.468 B-10.87215
G1 X-12.255 Y8.08 B-10.89151
G1 X-13.486 Y7.38 B-10.91814
G1 X-14.676 Y6.003 B-10.95238
G1 X-15.227 Y4.852 B-10.97638
G1 X-15.593 Y3.379 B-11.00493
G1 X-15.593 Y1.425 B-11.04169
G1 X-15.222 Y-.137 B-11.07189
G1 X-15.076 Y-.451 B-11.0784
G1 X-15.443 Y-1.883 B-11.10621
G1 X-15.487 Y-4.055 B-11.14707
G1 X-14.924 Y-6.052 B-11.1861
G1 X-14.189 Y-7.396 B-11.21492
G1 X-13.111 Y-8.669 B-11.2463
G1 X-11.618 Y-9.792 B-11.28144
G1 X-9.611 Y-10.609 B-11.3222
G1 X-7.942 Y-10.851 B-11.35392
G1 X-6.929 Y-10.883 B-11.37299
G1 X-5.289 Y-10.746 B-11.40394
G1 X-4.492 Y-10.571 B-11.41929
G1 X-4.273 Y-10.635 B-11.42358
G0 F60 X-4.213 Y-10.239
G1 F150 X-3.525 Y-10.343 B-11.43667
G1 X0.32 Y-10.308 B-11.509
G1 X1.631 Y-10.068 B-11.53407
G1 X1.855 Y-10 B-11.53848
G1 X2.334 Y-10.197 B-11.54822
G1 X3.627 Y-10.367 B-11.57275
G1 X5.049 Y-10.375 B-11.5995
G1 X6.407 Y-10.1 B-11.62556
G1 X6.838 Y-9.902 B-11.63448
G1 X7.397 Y-10.179 B-11.64622
G1 X8.821 Y-10.367 B-11.67324
G1 X10.244 Y-10.375 B-11.70001
G1 X11.725 Y-10.074 B-11.72843
G1 X13.017 Y-9.363 B-11.75617
G1 X13.634 Y-8.871 B-11.77102
G1 X14.4 Y-7.92 B-11.79399
G1 X15.092 Y-6.532 B-11.82316
G1 X15.26 Y-5.381 B-11.84504
G1 X15.288 Y3.472 B-12.01157
G1 X14.986 Y4.941 B-12.03978
G1 X14.276 Y6.232 B-12.0675
G1 X13.784 Y6.849 B-12.08234
G1 X12.833 Y7.615 B-12.10531
G1 X11.44 Y8.307 B-12.13457
G1 X10.016 Y8.495 B-12.16159
G1 X8.594 Y8.503 B-12.18834
G1 X7.236 Y8.228 B-12.2144
G1 X6.805 Y8.03 B-12.22333
G1 X6.246 Y8.307 B-12.23506
G1 X4.822 Y8.495 B-12.26208
G1 X3.399 Y8.503 B-12.28885
G1 X1.919 Y8.202 B-12.31726
G1 X0.829 Y7.615 B-12.34054
G1 X-.566 Y8.307 B-12.36984
G1 X-1.99 Y8.495 B-12.39685
G1 X-3.412 Y8.503 B-12.4236
G1 X-4.667 Y8.244 B-12.44771
G1 X-4.793 Y8.196 B-12.45024
G1 X-5.445 Y8.383 B-12.463
G1 X-6.974 Y8.646 B-12.49219
G1 X-8.711 Y8.57 B-12.52489
G1 X-9.817 Y8.428 B-12.54587
G1 X-11.152 Y8.097 B-12.57174
G1 X-12.057 Y7.732 B-12.5901
G1 X-13.228 Y7.066 B-12.61544
G1 X-14.34 Y5.78 B-12.64742
G1 X-14.849 Y4.715 B-12.66962
G1 X-15.193 Y3.331 B-12.69645
G1 X-15.193 Y1.471 B-12.73143
G1 X-14.833 Y-0.045 B-12.76074
G1 X-14.651 Y-.403 B-12.7683
G1 X-15.044 Y-1.935 B-12.79805
G1 X-15.086 Y-4.004 B-12.83698
G1 X-14.552 Y-5.899 B-12.87401
G1 X-13.858 Y-7.168 B-12.90122
G1 X-12.834 Y-8.377 B-12.93102
G1 X-11.421 Y-9.44 B-12.96428
G1 X-9.504 Y-10.22 B-13.00321
G1 X-7.929 Y-10.451 B-13.03316
G1 X-6.916 Y-10.483 B-13.05222
G1 X-5.375 Y-10.355 B-13.08131
G1 X-4.476 Y-10.158 B-13.09862
G1 X-4.213 Y-10.239 B-13.1038
G0 F60 X-4.153 Y-9.843
G1 F150 X-3.465 Y-9.947 B-13.11688
G1 X0.249 Y-9.914 B-13.18675
G1 X1.515 Y-9.685 B-13.21095
G1 X1.882 Y-9.574 B-13.21816
G1 X2.387 Y-9.801 B-13.22858
G1 X3.629 Y-9.967 B-13.25215
G1 X5.011 Y-9.975 B-13.27814
G1 X6.328 Y-9.708 B-13.30342
G1 X6.838 Y-9.456 B-13.31412
G1 X7.516 Y-9.792 B-13.32836
G1 X8.823 Y-9.967 B-13.35316
G1 X10.205 Y-9.975 B-13.37916
G1 X11.587 Y-9.694 B-13.40569
G1 X12.768 Y-9.05 B-13.43099
G1 X13.351 Y-8.585 B-13.44502
G1 X14.061 Y-7.704 B-13.4663
G1 X14.705 Y-6.412 B-13.49346
G1 X14.864 Y-5.323 B-13.51416
G1 X14.888 Y3.431 B-13.67883
G1 X14.606 Y4.803 B-13.70517
G1 X13.963 Y5.983 B-13.73045
G1 X13.498 Y6.566 B-13.74448
G1 X12.617 Y7.276 B-13.76576
G1 X11.321 Y7.92 B-13.79299
G1 X10.014 Y8.095 B-13.81779
G1 X8.632 Y8.103 B-13.84379
G1 X7.315 Y7.836 B-13.86906
G1 X6.805 Y7.584 B-13.87976
G1 X6.127 Y7.92 B-13.894
G1 X4.82 Y8.095 B-13.9188
G1 X3.438 Y8.103 B-13.9448
G1 X2.056 Y7.822 B-13.97133
G1 X0.933 Y7.216 B-13.99533
G1 X0.799 Y7.116 B-13.99848
G1 X0.527 Y7.318 B-14.00485
G1 X-.685 Y7.92 B-14.03031
G1 X-1.992 Y8.095 B-14.05511
G1 X-3.373 Y8.103 B-14.08109
G1 X-4.524 Y7.87 B-14.10318
G1 X-4.775 Y7.774 B-14.10823
G1 X-5.513 Y7.989 B-14.12269
G1 X-6.997 Y8.244 B-14.15102
G1 X-8.66 Y8.173 B-14.18233
G1 X-9.766 Y8.031 B-14.2033
G1 X-11.004 Y7.725 B-14.22729
G1 X-11.859 Y7.384 B-14.24461
G1 X-12.97 Y6.752 B-14.26865
G1 X-14.002 Y5.558 B-14.29834
G1 X-14.471 Y4.577 B-14.31879
G1 X-14.793 Y3.282 B-14.34389
G1 X-14.793 Y1.517 B-14.37709
G1 X-14.444 Y0.047 B-14.40551
G1 X-14.224 Y-.347 B-14.414
G1 X-14.645 Y-1.987 B-14.44585
G1 X-14.685 Y-3.953 B-14.48284
G1 X-14.18 Y-5.746 B-14.51788
G1 X-13.527 Y-6.94 B-14.54348
G1 X-12.557 Y-8.085 B-14.57171
G1 X-11.224 Y-9.088 B-14.60308
G1 X-9.397 Y-9.831 B-14.64018
G1 X-7.916 Y-10.051 B-14.66835
G1 X-6.903 Y-10.083 B-14.68741
G1 X-5.461 Y-9.964 B-14.71463
G1 X-4.457 Y-9.744 B-14.73396
G1 X-4.153 Y-9.843 B-14.73998
G0 F60 X-4.093 Y-9.447
G1 F150 X-3.405 Y-9.551 B-14.75307
G1 X0.178 Y-9.52 B-14.82047
G1 X1.444 Y-9.291 B-14.84467
G1 X1.916 Y-9.145 B-14.85396
G1 X2.441 Y-9.405 B-14.86498
G1 X3.631 Y-9.567 B-14.88757
G1 X4.972 Y-9.575 B-14.9128
G1 X6.248 Y-9.316 B-14.93729
G1 X6.832 Y-9.006 B-14.94973
G1 X7.635 Y-9.405 B-14.96659
G1 X8.825 Y-9.567 B-14.98919
G1 X10.166 Y-9.575 B-15.01441
G1 X11.449 Y-9.314 B-15.03904
G1 X12.519 Y-8.737 B-15.06191
G1 X13.066 Y-8.301 B-15.07506
G1 X13.724 Y-7.484 B-15.0948
G1 X14.318 Y-6.292 B-15.11985
G1 X14.468 Y-5.265 B-15.13937
G1 X14.488 Y3.39 B-15.30218
G1 X14.226 Y4.665 B-15.32666
G1 X13.65 Y5.734 B-15.3495
G1 X13.214 Y6.281 B-15.36266
G1 X12.397 Y6.939 B-15.3824
G1 X11.202 Y7.533 B-15.4075
G1 X10.012 Y7.695 B-15.43009
G1 X8.671 Y7.703 B-15.45531
G1 X7.395 Y7.444 B-15.47981
G1 X6.811 Y7.134 B-15.49224
G1 X6.008 Y7.533 B-15.50911
G1 X4.818 Y7.695 B-15.5317
G1 X3.477 Y7.703 B-15.55693
G1 X2.194 Y7.442 B-15.58155
G1 X1.123 Y6.864 B-15.60445
G1 X0.806 Y6.603 B-15.61217
G1 X0.349 Y6.96 B-15.62308
G1 X-.804 Y7.533 B-15.6473
G1 X-1.994 Y7.695 B-15.66989
G1 X-3.335 Y7.703 B-15.69512
G1 X-4.445 Y7.478 B-15.71642
G1 X-4.753 Y7.35 B-15.72269
G1 X-5.581 Y7.595 B-15.73894
G1 X-7.02 Y7.842 B-15.7664
G1 X-8.61 Y7.776 B-15.79634
G1 X-9.671 Y7.642 B-15.81645
G1 X-10.856 Y7.353 B-15.8394
G1 X-11.711 Y7.012 B-15.85671
G1 X-12.713 Y6.438 B-15.87843
G1 X-13.663 Y5.338 B-15.90577
G1 X-14.093 Y4.439 B-15.92452
G1 X-14.393 Y3.233 B-15.9479
G1 X-14.393 Y1.563 B-15.97931
G1 X-14.055 Y0.139 B-16.00684
G1 X-13.762 Y-.332 B-16.01727
G1 X-13.867 Y-.565 B-16.02208
G1 X-14.246 Y-2.04 B-16.05073
G1 X-14.284 Y-3.902 B-16.08576
G1 X-13.808 Y-5.593 B-16.11881
G1 X-13.196 Y-6.712 B-16.1428
G1 X-12.28 Y-7.793 B-16.16945
G1 X-11.024 Y-8.738 B-16.19902
G1 X-9.294 Y-9.442 B-16.23415
G1 X-7.903 Y-9.651 B-16.26061
G1 X-6.89 Y-9.683 B-16.27967
G1 X-5.547 Y-9.573 B-16.30502
G1 X-4.433 Y-9.329 B-16.32647
G1 X-4.093 Y-9.447 B-16.33324
G0 F60 X-4.033 Y-9.051
G1 F150 X-3.345 Y-9.155 B-16.34633
G1 X0.107 Y-9.126 B-16.41127
G1 X1.373 Y-8.897 B-16.43547
G1 X1.95 Y-8.715 B-16.44685
G1 X2.56 Y-9.018 B-16.45966
G1 X3.633 Y-9.167 B-16.48004
G1 X4.933 Y-9.175 B-16.50449
G1 X6.114 Y-8.935 B-16.52716
G1 X6.827 Y-8.557 B-16.54234
G1 X7.754 Y-9.018 B-16.56182
G1 X8.827 Y-9.167 B-16.58219
G1 X10.127 Y-9.175 B-16.60665
G1 X11.311 Y-8.934 B-16.62938
G1 X12.329 Y-8.385 B-16.65113
G1 X12.779 Y-8.019 B-16.66204
G1 X13.387 Y-7.264 B-16.68028
G1 X13.931 Y-6.172 B-16.70323
G1 X14.072 Y-5.207 B-16.72157
G1 X14.088 Y3.349 B-16.88251
G1 X13.846 Y4.527 B-16.90514
G1 X13.298 Y5.544 B-16.92687
G1 X12.932 Y5.994 B-16.93778
G1 X12.177 Y6.602 B-16.95601
G1 X11.083 Y7.146 B-16.979
G1 X10.01 Y7.295 B-16.99937
G1 X8.71 Y7.303 B-17.02383
G1 X7.529 Y7.063 B-17.0465
G1 X6.816 Y6.685 B-17.06168
G1 X5.889 Y7.146 B-17.08115
G1 X4.816 Y7.295 B-17.10153
G1 X3.516 Y7.303 B-17.12598
G1 X2.332 Y7.062 B-17.14871
G1 X1.313 Y6.512 B-17.17049
G1 X0.815 Y6.083 B-17.18286
G1 X0.171 Y6.602 B-17.19842
G1 X-.923 Y7.146 B-17.2214
G1 X-1.996 Y7.295 B-17.24178
G1 X-3.296 Y7.303 B-17.26623
G1 X-4.365 Y7.086 B-17.28675
G1 X-4.726 Y6.925 B-17.29418
G1 X-5.694 Y7.211 B-17.31317
G1 X-7.043 Y7.44 B-17.33891
G1 X-8.561 Y7.379 B-17.36749
G1 X-9.577 Y7.253 B-17.38674
G1 X-10.708 Y6.981 B-17.40863
G1 X-11.563 Y6.64 B-17.42594
G1 X-12.454 Y6.126 B-17.44529
G1 X-13.324 Y5.118 B-17.47034
G1 X-13.715 Y4.301 B-17.48737
G1 X-13.993 Y3.184 B-17.50903
G1 X-13.993 Y1.609 B-17.53865
G1 X-13.666 Y0.231 B-17.56529
G1 X-13.299 Y-.298 B-17.5774
G1 X-13.48 Y-.665 B-17.5851
G1 X-13.847 Y-2.093 B-17.61284
G1 X-13.883 Y-3.852 B-17.64593
G1 X-13.436 Y-5.44 B-17.67696
G1 X-12.865 Y-6.484 B-17.69935
G1 X-12.005 Y-7.499 B-17.72437
G1 X-10.825 Y-8.387 B-17.75215
G1 X-9.183 Y-9.055 B-17.7855
G1 X-7.89 Y-9.251 B-17.8101
G1 X-6.877 Y-9.283 B-17.82916
G1 X-5.633 Y-9.182 B-17.85264
G1 X-4.405 Y-8.913 B-17.87628
G1 X-4.033 Y-9.051 B-17.88375
G0 F60 X-3.973 Y-8.655
G1 F150 X-3.285 Y-8.759 B-17.89684
G1 X0.036 Y-8.732 B-17.95931
G1 X1.302 Y-8.503 B-17.98351
G1 X1.982 Y-8.285 B-17.99694
G1 X2.679 Y-8.631 B-18.01158
G1 X3.636 Y-8.767 B-18.02976
G1 X4.894 Y-8.775 B-18.05343
G1 X5.98 Y-8.554 B-18.07427
G1 X6.822 Y-8.108 B-18.0922
G1 X7.873 Y-8.631 B-18.11428
G1 X8.83 Y-8.767 B-18.13246
G1 X10.088 Y-8.775 B-18.15613
G1 X11.174 Y-8.554 B-18.17697
G1 X12.082 Y-8.07 B-18.19633
G1 X12.467 Y-7.768 B-18.20553
G1 X13.05 Y-7.044 B-18.22302
G1 X13.544 Y-6.052 B-18.24386
G1 X13.676 Y-5.149 B-18.26103
G1 X13.688 Y3.308 B-18.42011
G1 X13.466 Y4.389 B-18.44087
G1 X12.983 Y5.297 B-18.46021
G1 X12.681 Y5.682 B-18.46942
G1 X11.957 Y6.265 B-18.4869
G1 X10.964 Y6.759 B-18.50777
G1 X10.007 Y6.895 B-18.52595
G1 X8.749 Y6.903 B-18.54961
G1 X7.663 Y6.682 B-18.57046
G1 X6.821 Y6.236 B-18.58838
G1 X5.77 Y6.759 B-18.61047
G1 X4.813 Y6.895 B-18.62865
G1 X3.555 Y6.903 B-18.65231
G1 X2.469 Y6.682 B-18.67316
G1 X1.561 Y6.198 B-18.69252
G1 X1.178 Y5.896 B-18.70169
G1 X0.842 Y5.479 B-18.71176
G1 X0.675 Y5.682 B-18.71671
G1 X-0.049 Y6.265 B-18.73419
G1 X-1.042 Y6.759 B-18.75506
G1 X-1.999 Y6.895 B-18.77324
G1 X-3.257 Y6.903 B-18.7969
G1 X-4.285 Y6.694 B-18.81664
G1 X-4.691 Y6.497 B-18.82512
G1 X-5.807 Y6.827 B-18.84702
G1 X-7.065 Y7.038 B-18.87101
G1 X-8.545 Y6.979 B-18.89887
G1 X-9.485 Y6.864 B-18.91669
G1 X-10.561 Y6.609 B-18.93749
G1 X-11.363 Y6.293 B-18.9537
G1 X-12.197 Y5.812 B-18.97181
G1 X-12.985 Y4.898 B-18.99451
G1 X-13.337 Y4.163 B-19.00984
G1 X-13.593 Y3.135 B-19.02977
G1 X-13.593 Y1.655 B-19.05761
G1 X-13.294 Y0.397 B-19.08193
G1 X-12.833 Y-.27 B-19.09718
G1 X-13.093 Y-.765 B-19.1077
G1 X-13.448 Y-2.146 B-19.13452
G1 X-13.482 Y-3.802 B-19.16568
G1 X-13.064 Y-5.287 B-19.1947
G1 X-12.532 Y-6.259 B-19.21554
G1 X-11.731 Y-7.205 B-19.23886
G1 X-10.625 Y-8.037 B-19.26489
G1 X-9.08 Y-8.666 B-19.29627
G1 X-7.83 Y-8.855 B-19.32005
G1 X-6.865 Y-8.883 B-19.33821
G1 X-5.718 Y-8.791 B-19.35986
G1 X-4.516 Y-8.529 B-19.383
G1 X-4.393 Y-8.487 B-19.38544
G1 X-3.973 Y-8.655 B-19.39395
G0 F60 X-3.913 Y-8.259
G1 F150 X-3.225 Y-8.363 B-19.40704
G1 X0.032 Y-8.332 B-19.46831
G1 X1.18 Y-8.122 B-19.49026
G1 X2.014 Y-7.854 B-19.50674
G1 X2.798 Y-8.244 B-19.52321
G1 X3.639 Y-8.367 B-19.5392
G1 X4.855 Y-8.375 B-19.56207
G1 X5.844 Y-8.173 B-19.58106
G1 X6.649 Y-7.749 B-19.59818
G1 X6.839 Y-7.59 B-19.60284
G1 X7.138 Y-7.819 B-19.60992
G1 X7.992 Y-8.244 B-19.62786
G1 X8.833 Y-8.367 B-19.64385
G1 X10.049 Y-8.375 B-19.66673
G1 X11.038 Y-8.173 B-19.68571
G1 X11.843 Y-7.749 B-19.70283
G1 X12.155 Y-7.517 B-19.71014
G1 X12.713 Y-6.824 B-19.72688
G1 X13.157 Y-5.932 B-19.74562
G1 X13.28 Y-5.091 B-19.76161
G1 X13.288 Y3.267 B-19.91883
G1 X13.086 Y4.253 B-19.93776
G1 X12.662 Y5.058 B-19.95487
G1 X12.43 Y5.37 B-19.96219
G1 X11.737 Y5.928 B-19.97892
G1 X10.845 Y6.372 B-19.99767
G1 X10.004 Y6.495 B-20.01365
G1 X8.788 Y6.503 B-20.03653
G1 X7.799 Y6.301 B-20.05552
G1 X6.994 Y5.877 B-20.07263
G1 X6.804 Y5.718 B-20.07729
G1 X6.505 Y5.947 B-20.08438
G1 X5.651 Y6.372 B-20.10232
G1 X4.81 Y6.495 B-20.11831
G1 X3.594 Y6.503 B-20.14118
G1 X2.605 Y6.301 B-20.16017
G1 X1.8 Y5.877 B-20.17728
G1 X1.489 Y5.645 B-20.18458
G1 X0.958 Y4.987 B-20.20049
G1 X0.824 Y4.739 B-20.20579
G1 X0.656 Y5.058 B-20.21257
G1 X0.424 Y5.37 B-20.21989
G1 X-.269 Y5.928 B-20.23662
G1 X-1.161 Y6.372 B-20.25536
G1 X-2.002 Y6.495 B-20.27135
G1 X-3.218 Y6.503 B-20.29423
G1 X-4.205 Y6.302 B-20.31317
G1 X-4.699 Y6.042 B-20.32367
G1 X-4.951 Y6.157 B-20.32888
G1 X-5.873 Y6.432 B-20.34698
G1 X-7.091 Y6.636 B-20.37021
G1 X-8.496 Y6.582 B-20.39666
G1 X-9.436 Y6.467 B-20.41448
G1 X-10.416 Y6.236 B-20.43342
G1 X-11.163 Y5.946 B-20.44849
G1 X-11.94 Y5.498 B-20.46536
G1 X-12.646 Y4.678 B-20.48571
G1 X-12.959 Y4.025 B-20.49933
G1 X-13.193 Y3.086 B-20.51754
G1 X-13.193 Y1.702 B-20.54357
G1 X-12.922 Y0.562 B-20.56561
G1 X-12.363 Y-.247 B-20.58411
G1 X-12.706 Y-.865 B-20.59741
G1 X-13.049 Y-2.199 B-20.62332
G1 X-13.081 Y-3.752 B-20.65253
G1 X-12.692 Y-5.134 B-20.67954
G1 X-12.201 Y-6.031 B-20.69878
G1 X-11.454 Y-6.913 B-20.72052
G1 X-10.425 Y-7.687 B-20.74474
G1 X-8.974 Y-8.278 B-20.77421
G1 X-7.818 Y-8.455 B-20.79621
G1 X-6.853 Y-8.483 B-20.81437
G1 X-5.802 Y-8.4 B-20.8342
G1 X-4.645 Y-8.15 B-20.85647
G1 X-4.377 Y-8.059 B-20.86179
G1 X-3.913 Y-8.259 B-20.87129
G0 F60 X-3.853 Y-7.863
G1 F150 X-3.165 Y-7.967 B-20.88438
G1 X0.028 Y-7.932 B-20.94445
G1 X1.058 Y-7.741 B-20.96415
G1 X2.075 Y-7.414 B-20.98425
G1 X2.198 Y-7.499 B-20.98706
G1 X2.918 Y-7.857 B-21.00219
G1 X3.697 Y-7.971 B-21.017
G1 X4.816 Y-7.975 B-21.03805
G1 X5.707 Y-7.793 B-21.05515
G1 X6.462 Y-7.395 B-21.07121
G1 X6.817 Y-7.059 B-21.0804
G1 X7.316 Y-7.461 B-21.09245
G1 X8.112 Y-7.857 B-21.10918
G1 X8.891 Y-7.971 B-21.12399
G1 X10.01 Y-7.975 B-21.14504
G1 X10.901 Y-7.793 B-21.16214
G1 X11.656 Y-7.395 B-21.1782
G1 X11.876 Y-7.226 B-21.18342
G1 X12.374 Y-6.608 B-21.19835
G1 X12.77 Y-5.812 B-21.21507
G1 X12.884 Y-5.033 B-21.22988
G1 X12.888 Y3.226 B-21.38523
G1 X12.706 Y4.116 B-21.40232
G1 X12.308 Y4.871 B-21.41838
G1 X12.139 Y5.091 B-21.4236
G1 X11.521 Y5.589 B-21.43852
G1 X10.725 Y5.985 B-21.45525
G1 X9.946 Y6.099 B-21.47006
G1 X8.827 Y6.103 B-21.49111
G1 X7.936 Y5.921 B-21.50821
G1 X7.181 Y5.523 B-21.52427
G1 X6.826 Y5.187 B-21.53346
G1 X6.327 Y5.589 B-21.54552
G1 X5.531 Y5.985 B-21.56224
G1 X4.752 Y6.099 B-21.57705
G1 X3.633 Y6.103 B-21.5981
G1 X2.742 Y5.921 B-21.6152
G1 X1.987 Y5.523 B-21.63126
G1 X1.767 Y5.354 B-21.63648
G1 X1.269 Y4.736 B-21.65141
G1 X0.902 Y3.998 B-21.66691
G1 X0.816 Y3.549 B-21.67551
G1 X0.7 Y4.116 B-21.6864
G1 X0.302 Y4.871 B-21.70245
G1 X0.133 Y5.091 B-21.70767
G1 X-.485 Y5.589 B-21.7226
G1 X-1.281 Y5.985 B-21.73932
G1 X-2.06 Y6.099 B-21.75413
G1 X-3.179 Y6.103 B-21.77518
G1 X-4.07 Y5.921 B-21.79229
G1 X-4.691 Y5.594 B-21.80549
G1 X-5.067 Y5.774 B-21.81333
G1 X-5.939 Y6.037 B-21.83046
G1 X-7.118 Y6.234 B-21.85295
G1 X-8.481 Y6.182 B-21.87861
G1 X-9.346 Y6.077 B-21.895
G1 X-10.271 Y5.863 B-21.91286
G1 X-11.018 Y5.573 B-21.92793
G1 X-11.681 Y5.186 B-21.94237
G1 X-12.307 Y4.458 B-21.96043
G1 X-12.581 Y3.887 B-21.97234
G1 X-12.793 Y3.037 B-21.98882
G1 X-12.793 Y1.749 B-22.01305
G1 X-12.55 Y0.727 B-22.03281
G1 X-12.028 Y-0.029 B-22.05009
G1 X-11.869 Y-.18 B-22.05422
G1 X-12.332 Y-1.016 B-22.07219
G1 X-12.65 Y-2.252 B-22.0962
G1 X-12.68 Y-3.702 B-22.12348
G1 X-12.32 Y-4.981 B-22.14848
G1 X-11.87 Y-5.803 B-22.1661
G1 X-11.177 Y-6.621 B-22.18627
G1 X-10.225 Y-7.337 B-22.20868
G1 X-8.867 Y-7.89 B-22.23626
G1 X-7.806 Y-8.055 B-22.25646
G1 X-6.841 Y-8.083 B-22.27462
G1 X-5.886 Y-8.009 B-22.29263
G1 X-4.774 Y-7.771 B-22.31403
G1 X-4.353 Y-7.628 B-22.32239
G1 X-3.853 Y-7.863 B-22.33278
G0 F60 X-3.793 Y-7.467
G1 F150 X-3.105 Y-7.571 B-22.34587
G1 X-0.044 Y-7.538 B-22.40345
G1 X0.935 Y-7.36 B-22.42217
G1 X1.855 Y-7.064 B-22.44035
G1 X2.103 Y-6.932 B-22.44563
G1 X2.376 Y-7.141 B-22.4521
G1 X3.038 Y-7.47 B-22.46601
G1 X3.755 Y-7.575 B-22.47964
G1 X4.776 Y-7.575 B-22.49884
G1 X5.572 Y-7.412 B-22.51413
G1 X6.276 Y-7.041 B-22.5291
G1 X6.401 Y-6.938 B-22.53214
G1 X6.814 Y-6.426 B-22.54452
G1 X6.986 Y-6.682 B-22.55032
G1 X7.532 Y-7.122 B-22.56351
G1 X8.232 Y-7.47 B-22.57821
G1 X8.949 Y-7.575 B-22.59184
G1 X9.97 Y-7.575 B-22.61105
G1 X10.766 Y-7.412 B-22.62633
G1 X11.47 Y-7.041 B-22.6413
G1 X11.595 Y-6.938 B-22.64435
G1 X12.035 Y-6.392 B-22.65754
G1 X12.383 Y-5.692 B-22.67225
G1 X12.488 Y-4.975 B-22.68588
G1 X12.488 Y3.185 B-22.83937
G1 X12.325 Y3.981 B-22.85465
G1 X11.954 Y4.685 B-22.86962
G1 X11.851 Y4.81 B-22.87267
G1 X11.305 Y5.25 B-22.88586
G1 X10.605 Y5.598 B-22.90057
G1 X9.888 Y5.703 B-22.9142
G1 X8.867 Y5.703 B-22.9334
G1 X8.071 Y5.54 B-22.94869
G1 X7.367 Y5.169 B-22.96365
G1 X7.242 Y5.066 B-22.9667
G1 X6.829 Y4.554 B-22.97907
G1 X6.657 Y4.81 B-22.98488
G1 X6.111 Y5.25 B-22.99807
G1 X5.411 Y5.598 B-23.01277
G1 X4.694 Y5.703 B-23.0264
G1 X3.673 Y5.703 B-23.04561
G1 X2.877 Y5.54 B-23.06089
G1 X2.173 Y5.169 B-23.07586
G1 X2.048 Y5.066 B-23.07891
G1 X1.608 Y4.52 B-23.0921
G1 X1.26 Y3.82 B-23.1068
G1 X1.155 Y3.103 B-23.12043
G1 X1.155 Y2.17 B-23.13798
G1 X0.482 Y2.389 B-23.1513
G1 X0.482 Y3.185 B-23.16627
G1 X0.319 Y3.981 B-23.18155
G1 X-0.052 Y4.685 B-23.19652
G1 X-.155 Y4.81 B-23.19957
G1 X-.701 Y5.25 B-23.21276
G1 X-1.401 Y5.598 B-23.22747
G1 X-2.118 Y5.703 B-23.2411
G1 X-3.139 Y5.703 B-23.2603
G1 X-3.935 Y5.54 B-23.27559
G1 X-4.685 Y5.145 B-23.29153
G1 X-5.184 Y5.391 B-23.302
G1 X-6.005 Y5.642 B-23.31814
G1 X-7.145 Y5.832 B-23.33988
G1 X-8.466 Y5.782 B-23.36475
G1 X-9.256 Y5.687 B-23.37972
G1 X-10.181 Y5.473 B-23.39758
G1 X-10.816 Y5.227 B-23.41039
G1 X-11.423 Y4.873 B-23.42361
G1 X-11.968 Y4.239 B-23.43933
G1 X-12.203 Y3.749 B-23.44955
G1 X-12.393 Y2.988 B-23.46431
G1 X-12.393 Y1.796 B-23.48673
G1 X-12.178 Y0.892 B-23.50421
G1 X-11.699 Y0.198 B-23.52007
G1 X-11.328 Y-.105 B-23.52908
G1 X-11.453 Y-.256 B-23.53277
G1 X-11.958 Y-1.167 B-23.55236
G1 X-12.251 Y-2.305 B-23.57447
G1 X-12.279 Y-3.652 B-23.59981
G1 X-11.948 Y-4.828 B-23.62279
G1 X-11.539 Y-5.575 B-23.63881
G1 X-10.9 Y-6.329 B-23.6574
G1 X-10.025 Y-6.987 B-23.678
G1 X-8.761 Y-7.502 B-23.70367
G1 X-7.794 Y-7.655 B-23.72209
G1 X-6.829 Y-7.683 B-23.74025
G1 X-5.969 Y-7.618 B-23.75647
G1 X-4.903 Y-7.392 B-23.77697
G1 X-4.321 Y-7.194 B-23.78853
G1 X-3.793 Y-7.467 B-23.79971
G0 F60 X-3.733 Y-7.071
G1 F150 X-3.045 Y-7.175 B-23.8128
G1 X-.116 Y-7.144 B-23.8679
G1 X0.863 Y-6.966 B-23.88662
G1 X1.732 Y-6.684 B-23.9038
G1 X2.142 Y-6.45 B-23.91268
G1 X2.554 Y-6.783 B-23.92265
G1 X3.16 Y-7.084 B-23.93538
G1 X3.755 Y-7.175 B-23.9467
G1 X4.735 Y-7.175 B-23.96513
G1 X5.437 Y-7.031 B-23.97861
G1 X6.09 Y-6.687 B-23.9925
G1 X6.502 Y-6.176 B-24.00484
G1 X6.775 Y-5.627 B-24.01638
G1 X6.829 Y-5.408 B-24.02062
G1 X6.919 Y-5.768 B-24.0276
G1 X7.237 Y-6.371 B-24.04042
G1 X7.748 Y-6.783 B-24.05277
G1 X8.354 Y-7.084 B-24.0655
G1 X8.949 Y-7.175 B-24.07682
G1 X9.929 Y-7.175 B-24.09526
G1 X10.631 Y-7.031 B-24.10874
G1 X11.284 Y-6.687 B-24.12262
G1 X11.696 Y-6.176 B-24.13497
G1 X11.997 Y-5.57 B-24.14769
G1 X12.088 Y-4.975 B-24.15902
G1 X12.088 Y3.144 B-24.31174
G1 X11.944 Y3.846 B-24.32522
G1 X11.6 Y4.499 B-24.3391
G1 X11.089 Y4.911 B-24.35145
G1 X10.483 Y5.212 B-24.36418
G1 X9.888 Y5.303 B-24.3755
G1 X8.908 Y5.303 B-24.39394
G1 X8.206 Y5.159 B-24.40742
G1 X7.553 Y4.815 B-24.4213
G1 X7.141 Y4.304 B-24.43365
G1 X6.868 Y3.755 B-24.44518
G1 X6.814 Y3.536 B-24.44942
G1 X6.724 Y3.896 B-24.4564
G1 X6.406 Y4.499 B-24.46923
G1 X5.895 Y4.911 B-24.48157
G1 X5.289 Y5.212 B-24.4943
G1 X4.694 Y5.303 B-24.50562
G1 X3.714 Y5.303 B-24.52406
G1 X3.012 Y5.159 B-24.53754
G1 X2.359 Y4.815 B-24.55142
G1 X1.947 Y4.304 B-24.56377
G1 X1.646 Y3.698 B-24.5765
G1 X1.555 Y3.103 B-24.58782
G1 X1.555 Y1.615 B-24.61581
G1 X0.42 Y1.995 B-24.63832
G1 X0.082 Y2.036 B-24.64473
G1 X0.082 Y3.144 B-24.66557
G1 X-0.062 Y3.846 B-24.67905
G1 X-.406 Y4.499 B-24.69293
G1 X-.917 Y4.911 B-24.70528
G1 X-1.523 Y5.212 B-24.71801
G1 X-2.118 Y5.303 B-24.72933
G1 X-3.098 Y5.303 B-24.74777
G1 X-3.8 Y5.159 B-24.76125
G1 X-4.383 Y4.852 B-24.77364
G1 X-4.59 Y4.649 B-24.77909
G1 X-5.302 Y5.009 B-24.7941
G1 X-6.071 Y5.247 B-24.80924
G1 X-7.172 Y5.43 B-24.83024
G1 X-8.451 Y5.382 B-24.85431
G1 X-9.167 Y5.297 B-24.86788
G1 X-10.039 Y5.099 B-24.8847
G1 X-10.615 Y4.881 B-24.89628
G1 X-11.164 Y4.561 B-24.90824
G1 X-11.631 Y4.018 B-24.92171
G1 X-11.815 Y3.652 B-24.92941
G1 X-11.993 Y2.939 B-24.94324
G1 X-11.993 Y1.843 B-24.96385
G1 X-11.806 Y1.057 B-24.97905
G1 X-11.37 Y0.425 B-24.99349
G1 X-10.876 Y0.056 B-25.00509
G1 X-10.7 Y-0.026 B-25.00874
G1 X-11.103 Y-.45 B-25.01975
G1 X-11.584 Y-1.318 B-25.03842
G1 X-11.852 Y-2.358 B-25.05862
G1 X-11.878 Y-3.602 B-25.08202
G1 X-11.576 Y-4.675 B-25.10299
G1 X-11.206 Y-5.35 B-25.11747
G1 X-10.626 Y-6.035 B-25.13435
G1 X-9.825 Y-6.637 B-25.1532
G1 X-8.655 Y-7.114 B-25.17697
G1 X-7.782 Y-7.255 B-25.1936
G1 X-6.817 Y-7.283 B-25.21176
G1 X-6 Y-7.219 B-25.22718
G1 X-5.032 Y-7.013 B-25.2458
G1 X-4.279 Y-6.757 B-25.26076
G1 X-3.733 Y-7.071 B-25.2726
G0 F60 X-3.599 Y-6.687
G1 F150 X-3.048 Y-6.775 B-25.2831
G1 X-.188 Y-6.75 B-25.3369
G1 X0.791 Y-6.572 B-25.35562
G1 X1.607 Y-6.304 B-25.37177
G1 X2.252 Y-5.919 B-25.3859
G1 X2.41 Y-6.155 B-25.39125
G1 X2.732 Y-6.425 B-25.39915
G1 X3.281 Y-6.698 B-25.41068
G1 X3.755 Y-6.775 B-25.41972
G1 X4.694 Y-6.775 B-25.43738
G1 X5.3 Y-6.651 B-25.44901
G1 X5.832 Y-6.37 B-25.46033
G1 X6.144 Y-5.998 B-25.46947
G1 X6.417 Y-5.449 B-25.481
G1 X6.494 Y-4.975 B-25.49003
G1 X6.494 Y-3.338 B-25.52082
G1 X7.149 Y-3.338 B-25.53315
G1 X7.149 Y-4.975 B-25.56394
G1 X7.273 Y-5.581 B-25.57557
G1 X7.554 Y-6.113 B-25.58689
G1 X7.926 Y-6.425 B-25.59602
G1 X8.475 Y-6.698 B-25.60756
G1 X8.949 Y-6.775 B-25.61659
G1 X9.888 Y-6.775 B-25.63425
G1 X10.494 Y-6.651 B-25.64589
G1 X11.026 Y-6.37 B-25.65721
G1 X11.338 Y-5.998 B-25.66634
G1 X11.611 Y-5.449 B-25.67787
G1 X11.688 Y-4.975 B-25.68691
G1 X11.688 Y3.103 B-25.83886
G1 X11.564 Y3.709 B-25.85049
G1 X11.283 Y4.241 B-25.86181
G1 X10.911 Y4.553 B-25.87094
G1 X10.362 Y4.826 B-25.88248
G1 X9.888 Y4.903 B-25.89151
G1 X8.949 Y4.903 B-25.90917
G1 X8.343 Y4.779 B-25.92081
G1 X7.811 Y4.498 B-25.93213
G1 X7.499 Y4.126 B-25.94126
G1 X7.226 Y3.577 B-25.95279
G1 X7.149 Y3.103 B-25.96182
G1 X7.149 Y1.101 B-25.99948
G1 X6.494 Y1.101 B-26.0118
G1 X6.494 Y3.103 B-26.04946
G1 X6.37 Y3.709 B-26.0611
G1 X6.089 Y4.241 B-26.07242
G1 X5.717 Y4.553 B-26.08155
G1 X5.168 Y4.826 B-26.09308
G1 X4.694 Y4.903 B-26.10212
G1 X3.755 Y4.903 B-26.11978
G1 X3.149 Y4.779 B-26.13141
G1 X2.617 Y4.498 B-26.14273
G1 X2.305 Y4.126 B-26.15186
G1 X2.032 Y3.577 B-26.1634
G1 X1.955 Y3.103 B-26.17243
G1 X1.955 Y0.943 B-26.21306
G1 X1.308 Y1.276 B-26.22675
G1 X0.293 Y1.616 B-26.24688
G1 X-.318 Y1.669 B-26.25842
G1 X-.318 Y3.103 B-26.28539
G1 X-.442 Y3.709 B-26.29703
G1 X-.723 Y4.241 B-26.30835
G1 X-1.095 Y4.553 B-26.31748
G1 X-1.644 Y4.826 B-26.32901
G1 X-2.118 Y4.903 B-26.33805
G1 X-3.057 Y4.903 B-26.35571
G1 X-3.663 Y4.779 B-26.36735
G1 X-4.196 Y4.498 B-26.37868
G1 X-4.512 Y4.116 B-26.38801
G1 X-4.709 Y4.26 B-26.3926
G1 X-5.422 Y4.627 B-26.40768
G1 X-6.136 Y4.852 B-26.42176
G1 X-7.198 Y5.028 B-26.44201
G1 X-8.436 Y4.982 B-26.46531
G1 X-9.119 Y4.9 B-26.47825
G1 X-9.901 Y4.723 B-26.49334
G1 X-10.414 Y4.535 B-26.50361
G1 X-10.905 Y4.249 B-26.5143
G1 X-11.328 Y3.757 B-26.52651
G1 X-11.45 Y3.487 B-26.53208
G1 X-11.593 Y2.89 B-26.54363
G1 X-11.593 Y1.89 B-26.56244
G1 X-11.434 Y1.222 B-26.57536
G1 X-11.041 Y0.652 B-26.58838
G1 X-10.651 Y0.386 B-26.59726
G1 X-10.223 Y0.213 B-26.60594
G1 X-9.9 Y0.162 B-26.61209
G1 X-10.17 Y-0.05 B-26.61855
G1 X-10.778 Y-.689 B-26.63514
G1 X-11.21 Y-1.469 B-26.65191
G1 X-11.453 Y-2.411 B-26.67021
G1 X-11.477 Y-3.552 B-26.69168
G1 X-11.204 Y-4.522 B-26.71064
G1 X-10.875 Y-5.122 B-26.72351
G1 X-10.349 Y-5.743 B-26.73882
G1 X-9.625 Y-6.287 B-26.75585
G1 X-8.55 Y-6.725 B-26.77769
G1 X-7.77 Y-6.855 B-26.79256
G1 X-6.805 Y-6.883 B-26.81072
G1 X-6.033 Y-6.82 B-26.82529
G1 X-5.161 Y-6.634 B-26.84206
G1 X-4.237 Y-6.32 B-26.86042
G1 X-3.599 Y-6.687 B-26.87427
G0 F60 X-3.464 Y-6.304
G1 F150 X-3.051 Y-6.375 B-26.88215
G1 X-.191 Y-6.35 B-26.93595
G1 X0.666 Y-6.192 B-26.95234
G1 X1.438 Y-5.938 B-26.96763
G1 X2.101 Y-5.543 B-26.98215
G1 X2.408 Y-5.272 B-26.98985
G1 X2.47 Y-5.498 B-26.99426
G1 X2.678 Y-5.858 B-27.00208
G1 X2.91 Y-6.067 B-27.00795
G1 X3.404 Y-6.313 B-27.01833
G1 X3.755 Y-6.375 B-27.02504
G1 X4.694 Y-6.375 B-27.0427
G1 X5.113 Y-6.297 B-27.05072
G1 X5.577 Y-6.052 B-27.06059
G1 X5.786 Y-5.82 B-27.06646
G1 X6.032 Y-5.326 B-27.07684
G1 X6.094 Y-4.975 B-27.08355
G1 X6.094 Y-2.938 B-27.12186
G1 X7.549 Y-2.938 B-27.14923
G1 X7.549 Y-4.975 B-27.18755
G1 X7.627 Y-5.394 B-27.19557
G1 X7.872 Y-5.858 B-27.20544
G1 X8.104 Y-6.067 B-27.21131
G1 X8.598 Y-6.313 B-27.22169
G1 X8.949 Y-6.375 B-27.2284
G1 X9.888 Y-6.375 B-27.24606
G1 X10.307 Y-6.297 B-27.25408
G1 X10.771 Y-6.052 B-27.26395
G1 X10.98 Y-5.82 B-27.26982
G1 X11.226 Y-5.326 B-27.2802
G1 X11.288 Y-4.975 B-27.28691
G1 X11.288 Y3.103 B-27.43886
G1 X11.21 Y3.522 B-27.44687
G1 X10.965 Y3.986 B-27.45674
G1 X10.733 Y4.195 B-27.46262
G1 X10.239 Y4.441 B-27.473
G1 X9.888 Y4.503 B-27.4797
G1 X8.949 Y4.503 B-27.49737
G1 X8.53 Y4.425 B-27.50538
G1 X8.066 Y4.18 B-27.51525
G1 X7.857 Y3.948 B-27.52113
G1 X7.611 Y3.454 B-27.53151
G1 X7.549 Y3.103 B-27.53821
G1 X7.549 Y0.701 B-27.5834
G1 X6.094 Y0.701 B-27.61077
G1 X6.094 Y3.103 B-27.65595
G1 X6.016 Y3.522 B-27.66397
G1 X5.771 Y3.986 B-27.67384
G1 X5.539 Y4.195 B-27.67971
G1 X5.045 Y4.441 B-27.69009
G1 X4.694 Y4.503 B-27.6968
G1 X3.755 Y4.503 B-27.71446
G1 X3.336 Y4.425 B-27.72248
G1 X2.872 Y4.18 B-27.73235
G1 X2.663 Y3.948 B-27.73822
G1 X2.417 Y3.454 B-27.7486
G1 X2.355 Y3.103 B-27.7553
G1 X2.355 Y0.128 B-27.81127
G1 X1.82 Y0.563 B-27.82424
G1 X1.181 Y0.897 B-27.8378
G1 X0.21 Y1.222 B-27.85706
G1 X-.718 Y1.303 B-27.87458
G1 X-.718 Y3.103 B-27.90844
G1 X-.796 Y3.522 B-27.91646
G1 X-1.041 Y3.986 B-27.92633
G1 X-1.273 Y4.195 B-27.9322
G1 X-1.767 Y4.441 B-27.94258
G1 X-2.118 Y4.503 B-27.94929
G1 X-3.057 Y4.503 B-27.96695
G1 X-3.476 Y4.425 B-27.97497
G1 X-3.94 Y4.18 B-27.98484
G1 X-4.149 Y3.948 B-27.99071
G1 X-4.377 Y3.506 B-28.00007
G1 X-4.894 Y3.906 B-28.01236
G1 X-5.542 Y4.245 B-28.02612
G1 X-6.256 Y4.47 B-28.0402
G1 X-7.223 Y4.627 B-28.05863
G1 X-8.388 Y4.585 B-28.08056
G1 X-9.071 Y4.503 B-28.0935
G1 X-9.763 Y4.347 B-28.10684
G1 X-10.276 Y4.159 B-28.11712
G1 X-10.646 Y3.937 B-28.12524
G1 X-10.988 Y3.539 B-28.13511
G1 X-11.061 Y3.394 B-28.13816
G1 X-11.193 Y2.843 B-28.14882
G1 X-11.193 Y1.937 B-28.16586
G1 X-11.062 Y1.387 B-28.1765
G1 X-10.755 Y0.941 B-28.18668
G1 X-10.501 Y0.757 B-28.19258
G1 X-10.073 Y0.584 B-28.20126
G1 X-9.769 Y0.55 B-28.20702
G1 X-9.36 Y0.606 B-28.21478
G1 X-8.564 Y0.865 B-28.23053
G1 X-7.895 Y0.989 B-28.24333
G1 X-7.252 Y0.98 B-28.25542
G1 X-8.62 Y0.443 B-28.28307
G1 X-9.517 Y-0.046 B-28.30229
G1 X-9.923 Y-.365 B-28.312
G1 X-10.452 Y-.926 B-28.3265
G1 X-10.836 Y-1.62 B-28.34142
G1 X-11.054 Y-2.464 B-28.35782
G1 X-11.076 Y-3.502 B-28.37735
G1 X-10.832 Y-4.369 B-28.39429
G1 X-10.544 Y-4.894 B-28.40556
G1 X-10.072 Y-5.451 B-28.41929
G1 X-9.428 Y-5.935 B-28.43444
G1 X-8.44 Y-6.337 B-28.45451
G1 X-7.704 Y-6.46 B-28.46854
G1 X-6.795 Y-6.483 B-28.48565
G1 X-6.067 Y-6.421 B-28.49939
G1 X-5.29 Y-6.255 B-28.51434
G1 X-4.461 Y-5.973 B-28.53081
G1 X-4.169 Y-5.81 B-28.5371
G1 X-3.996 Y-5.997 B-28.54189
G1 X-3.464 Y-6.304 B-28.55345
G0 F60 X-3.329 Y-5.921
G1 F150 X-3.054 Y-5.975 B-28.55872
G1 X-.262 Y-5.956 B-28.61124
G1 X0.541 Y-5.812 B-28.62658
G1 X1.269 Y-5.572 B-28.641
G1 X1.896 Y-5.199 B-28.65473
G1 X2.257 Y-4.867 B-28.66395
G1 X2.558 Y-4.48 B-28.67317
G1 X2.755 Y-4.102 B-28.68119
G1 X2.755 Y-4.975 B-28.69761
G1 X2.825 Y-5.313 B-28.70411
G1 X2.962 Y-5.576 B-28.70969
G1 X3.1 Y-5.715 B-28.71337
G1 X3.482 Y-5.921 B-28.72153
G1 X3.755 Y-5.975 B-28.72677
G1 X4.694 Y-5.975 B-28.74443
G1 X5.032 Y-5.905 B-28.75092
G1 X5.295 Y-5.768 B-28.7565
G1 X5.434 Y-5.63 B-28.76019
G1 X5.64 Y-5.248 B-28.76835
G1 X5.694 Y-4.975 B-28.77359
G1 X5.694 Y-2.538 B-28.81943
G1 X7.949 Y-2.538 B-28.86184
G1 X7.949 Y-4.975 B-28.90769
G1 X8.019 Y-5.313 B-28.91418
G1 X8.156 Y-5.576 B-28.91976
G1 X8.294 Y-5.715 B-28.92344
G1 X8.676 Y-5.921 B-28.93161
G1 X8.949 Y-5.975 B-28.93684
G1 X9.888 Y-5.975 B-28.9545
G1 X10.226 Y-5.905 B-28.961
G1 X10.489 Y-5.768 B-28.96657
G1 X10.628 Y-5.63 B-28.97026
G1 X10.834 Y-5.248 B-28.97842
G1 X10.888 Y-4.975 B-28.98366
G1 X10.888 Y3.103 B-29.13561
G1 X10.818 Y3.441 B-29.1421
G1 X10.681 Y3.704 B-29.14768
G1 X10.543 Y3.843 B-29.15136
G1 X10.161 Y4.049 B-29.15953
G1 X9.888 Y4.103 B-29.16476
G1 X8.949 Y4.103 B-29.18243
G1 X8.611 Y4.033 B-29.18892
G1 X8.348 Y3.896 B-29.1945
G1 X8.209 Y3.758 B-29.19818
G1 X8.003 Y3.376 B-29.20635
G1 X7.949 Y3.103 B-29.21158
G1 X7.949 Y0.301 B-29.26429
G1 X5.694 Y0.301 B-29.30671
G1 X5.694 Y3.103 B-29.35941
G1 X5.624 Y3.441 B-29.36591
G1 X5.487 Y3.704 B-29.37148
G1 X5.349 Y3.843 B-29.37517
G1 X4.967 Y4.049 B-29.38333
G1 X4.694 Y4.103 B-29.38857
G1 X3.755 Y4.103 B-29.40623
G1 X3.417 Y4.033 B-29.41272
G1 X3.154 Y3.896 B-29.4183
G1 X3.015 Y3.758 B-29.42198
G1 X2.809 Y3.376 B-29.43015
G1 X2.755 Y3.103 B-29.43538
G1 X2.755 Y-1.128 B-29.51497
G1 X2.404 Y-.516 B-29.52824
G1 X2.132 Y-.206 B-29.536
G1 X1.6 Y0.227 B-29.5489
G1 X0.996 Y0.542 B-29.56172
G1 X0.126 Y0.828 B-29.57894
G1 X-1.118 Y0.937 B-29.60243
G1 X-1.118 Y3.103 B-29.64318
G1 X-1.188 Y3.441 B-29.64967
G1 X-1.325 Y3.704 B-29.65525
G1 X-1.463 Y3.843 B-29.65893
G1 X-1.845 Y4.049 B-29.6671
G1 X-2.118 Y4.103 B-29.67233
G1 X-3.057 Y4.103 B-29.68999
G1 X-3.395 Y4.033 B-29.69649
G1 X-3.658 Y3.896 B-29.70207
G1 X-3.797 Y3.758 B-29.70575
G1 X-4.003 Y3.376 B-29.71391
G1 X-4.057 Y3.103 B-29.71915
G1 X-4.057 Y2.417 B-29.73205
G1 X-4.284 Y2.806 B-29.74052
G1 X-4.665 Y3.23 B-29.75125
G1 X-5.082 Y3.553 B-29.76117
G1 X-5.665 Y3.864 B-29.7736
G1 X-6.32 Y4.075 B-29.78654
G1 X-7.248 Y4.226 B-29.80423
G1 X-8.34 Y4.188 B-29.82478
G1 X-9.023 Y4.106 B-29.83772
G1 X-9.625 Y3.971 B-29.84933
G1 X-10.138 Y3.783 B-29.8596
G1 X-10.433 Y3.598 B-29.86615
G1 X-10.674 Y3.292 B-29.87348
G1 X-10.793 Y2.843 B-29.88222
G1 X-10.793 Y1.937 B-29.89926
G1 X-10.723 Y1.599 B-29.90575
G1 X-10.507 Y1.254 B-29.91341
G1 X-10.343 Y1.124 B-29.91735
G1 X-10.007 Y0.979 B-29.92423
G1 X-9.816 Y0.947 B-29.92787
G1 X-9.484 Y0.986 B-29.93416
G1 X-8.663 Y1.253 B-29.9504
G1 X-7.928 Y1.389 B-29.96446
G1 X-7.167 Y1.379 B-29.97878
G1 X-6.73 Y1.217 B-29.98755
G1 X-6.691 Y1.154 B-29.98894
G1 X-6.678 Y0.948 B-29.99282
G1 X-6.775 Y0.807 B-29.99604
G1 X-7.09 Y0.61 B-30.00303
G1 X-8.43 Y0.091 B-30.03006
G1 X-9.273 Y-.363 B-30.04807
G1 X-9.632 Y-.639 B-30.05659
G1 X-10.125 Y-1.162 B-30.07011
G1 X-10.462 Y-1.771 B-30.0832
G1 X-10.655 Y-2.517 B-30.0977
G1 X-10.675 Y-3.452 B-30.11529
G1 X-10.46 Y-4.216 B-30.13022
G1 X-10.213 Y-4.666 B-30.13987
G1 X-9.795 Y-5.159 B-30.15203
G1 X-9.228 Y-5.585 B-30.16537
G1 X-8.334 Y-5.949 B-30.18353
G1 X-7.638 Y-6.065 B-30.1968
G1 X-6.829 Y-6.084 B-30.21202
G1 X-6.101 Y-6.022 B-30.22577
G1 X-5.419 Y-5.876 B-30.23889
G1 X-4.59 Y-5.594 B-30.25536
G1 X-4.295 Y-5.42 B-30.2618
G1 X-4.038 Y-5.101 B-30.26951
G1 X-3.987 Y-5.313 B-30.27361
G1 X-3.85 Y-5.576 B-30.27919
G1 X-3.712 Y-5.715 B-30.28287
G1 X-3.329 Y-5.921 B-30.29105
G0 F60 X-3.057 Y-5.175
G1 F150 X-.401 Y-5.168 B-30.34101
G1 X0.343 Y-5.039 B-30.35522
G1 X0.933 Y-4.841 B-30.36692
G1 X1.417 Y-4.554 B-30.37751
G1 X1.677 Y-4.319 B-30.3841
G1 X1.888 Y-4.049 B-30.39055
G1 X2.099 Y-3.629 B-30.39939
G1 X2.209 Y-3.235 B-30.40708
G1 X2.264 Y-2.606 B-30.41896
G1 X2.22 Y-2.066 B-30.42915
G1 X2.143 Y-1.739 B-30.43547
G1 X1.981 Y-1.336 B-30.44364
G1 X1.802 Y-1.044 B-30.45008
G1 X1.53 Y-.734 B-30.45784
G1 X1.188 Y-.46 B-30.46608
G1 X0.746 Y-.218 B-30.47556
G1 X-0.04 Y0.04 B-30.49112
G1 X-.962 Y0.123 B-30.50854
G1 X-1.918 Y0.125 B-30.52652
G1 X-1.918 Y3.103 B-30.58254
G1 X-1.957 Y3.222 B-30.58489
G1 X-2.118 Y3.303 B-30.58828
G1 X-3.057 Y3.303 B-30.60595
G1 X-3.176 Y3.264 B-30.6083
G1 X-3.257 Y3.103 B-30.61169
G1 X-3.257 Y-4.975 B-30.76364
G1 X-3.218 Y-5.094 B-30.766
G1 X-3.057 Y-5.175 B-30.76939
G1 F300 B-24.26939
G0 F60 X-4.749 Y-4.762
G1 F300 B-30.76939
G1 F150 X-4.726 Y-4.58 B-30.77284
G1 X-5.019 Y-3.763 B-30.78917
G1 X-5.096 Y-3.665 B-30.79151
G1 X-5.273 Y-3.642 B-30.79487
G1 X-5.952 Y-3.88 B-30.8084
G1 X-6.352 Y-3.973 B-30.81613
G1 X-7.081 Y-4.049 B-30.82992
G1 X-7.774 Y-3.975 B-30.84302
G1 X-8.22 Y-3.75 B-30.85242
G1 X-8.444 Y-3.471 B-30.85915
G1 X-8.526 Y-3.199 B-30.8645
G1 X-8.519 Y-2.788 B-30.87223
G1 X-8.463 Y-2.573 B-30.87641
G1 X-8.274 Y-2.28 B-30.88297
G1 X-8.006 Y-2.064 B-30.88944
G1 X-7.305 Y-1.72 B-30.90413
G1 X-6.47 Y-1.404 B-30.92092
G1 X-5.776 Y-1.094 B-30.93522
G1 X-5.159 Y-.648 B-30.94954
G1 X-4.92 Y-.381 B-30.95628
G1 X-4.635 Y0.148 B-30.96759
G1 X-4.531 Y0.616 B-30.9766
G1 X-4.524 Y1.223 B-30.98802
G1 X-4.67 Y1.872 B-31.00054
G1 X-4.913 Y2.311 B-31.00997
G1 X-5.166 Y2.606 B-31.01728
G1 X-5.469 Y2.853 B-31.02464
G1 X-5.92 Y3.105 B-31.03436
G1 X-6.449 Y3.285 B-31.04487
G1 X-7.299 Y3.424 B-31.06107
G1 X-8.312 Y3.388 B-31.08014
G1 X-8.855 Y3.324 B-31.09042
G1 X-9.349 Y3.219 B-31.09992
G1 X-9.862 Y3.031 B-31.1102
G1 X-9.96 Y2.953 B-31.11255
G1 X-9.993 Y2.843 B-31.11471
G1 X-9.993 Y1.937 B-31.13176
G1 X-9.954 Y1.818 B-31.13411
G1 X-9.852 Y1.746 B-31.13646
G1 X-9.731 Y1.747 B-31.13874
G1 X-8.864 Y2.028 B-31.15588
G1 X-7.994 Y2.189 B-31.17252
G1 X-7.242 Y2.18 B-31.18667
G1 X-6.913 Y2.137 B-31.19291
G1 X-6.365 Y1.943 B-31.20385
G1 X-6.154 Y1.786 B-31.20879
G1 X-6.004 Y1.6 B-31.21329
G1 X-5.912 Y1.397 B-31.21748
G1 X-5.864 Y1.129 B-31.2226
G1 X-5.877 Y0.809 B-31.22863
G1 X-6.014 Y0.44 B-31.23603
G1 X-6.272 Y0.179 B-31.24293
G1 X-6.729 Y-.107 B-31.25307
G1 X-8.056 Y-.616 B-31.27981
G1 X-8.795 Y-1.005 B-31.29552
G1 X-9.102 Y-1.234 B-31.30272
G1 X-9.504 Y-1.669 B-31.31387
G1 X-9.713 Y-2.069 B-31.32235
G1 X-9.857 Y-2.625 B-31.33316
G1 X-9.873 Y-3.351 B-31.34682
G1 X-9.704 Y-3.951 B-31.35854
G1 X-9.565 Y-4.203 B-31.36396
G1 X-9.218 Y-4.604 B-31.37393
G1 X-8.83 Y-4.884 B-31.38293
G1 X-8.119 Y-5.174 B-31.39738
G1 X-7.562 Y-5.27 B-31.40801
G1 X-6.893 Y-5.286 B-31.4206
G1 X-6.215 Y-5.231 B-31.43339
G1 X-5.632 Y-5.106 B-31.44461
G1 X-4.849 Y-4.837 B-31.46018
G1 X-4.749 Y-4.762 B-31.46253
G0 F60 X-4.394 Y-4.946
G1 F150 X-4.329 Y-4.63 B-31.4686
G1 X-4.349 Y-4.445 B-31.4721
G1 X-4.642 Y-3.628 B-31.48843
G1 X-4.781 Y-3.418 B-31.49317
G1 X-4.92 Y-3.306 B-31.49652
G1 X-5.221 Y-3.245 B-31.5023
G1 X-5.405 Y-3.265 B-31.50578
G1 X-6.055 Y-3.493 B-31.51874
G1 X-6.421 Y-3.578 B-31.52581
G1 X-7.08 Y-3.647 B-31.53827
G1 X-7.66 Y-3.585 B-31.54924
G1 X-7.963 Y-3.432 B-31.55563
G1 X-8.083 Y-3.281 B-31.55926
G1 X-8.125 Y-3.144 B-31.56195
G1 X-8.092 Y-2.736 B-31.56965
G1 X-7.972 Y-2.55 B-31.57382
G1 X-7.791 Y-2.404 B-31.57819
G1 X-7.148 Y-2.088 B-31.59167
G1 X-6.307 Y-1.769 B-31.60859
G1 X-5.576 Y-1.442 B-31.62365
G1 X-4.888 Y-.946 B-31.6396
G1 X-4.568 Y-.571 B-31.64888
G1 X-4.256 Y0.008 B-31.66125
G1 X-4.131 Y0.611 B-31.67283
G1 X-4.123 Y1.264 B-31.68512
G1 X-4.293 Y2.017 B-31.69964
G1 X-4.584 Y2.542 B-31.71093
G1 X-4.913 Y2.916 B-31.7203
G1 X-5.274 Y3.202 B-31.72896
G1 X-5.791 Y3.484 B-31.74004
G1 X-6.384 Y3.68 B-31.75179
G1 X-7.273 Y3.825 B-31.76873
G1 X-8.326 Y3.788 B-31.78855
G1 X-8.938 Y3.715 B-31.80014
G1 X-9.487 Y3.595 B-31.81072
G1 X-10 Y3.407 B-31.82099
G1 X-10.209 Y3.266 B-31.82574
G1 X-10.343 Y3.068 B-31.83023
G1 X-10.393 Y2.843 B-31.83457
G1 X-10.393 Y1.937 B-31.85161
G1 X-10.334 Y1.693 B-31.85633
G1 X-10.185 Y1.491 B-31.86105
G1 X-9.849 Y1.346 B-31.86794
G1 X-9.608 Y1.366 B-31.87249
G1 X-8.761 Y1.641 B-31.88924
G1 X-7.961 Y1.789 B-31.90454
G1 X-7.096 Y1.778 B-31.92081
G1 X-6.557 Y1.587 B-31.93157
G1 X-6.432 Y1.494 B-31.9345
G1 X-6.298 Y1.28 B-31.93925
G1 X-6.274 Y0.888 B-31.94664
G1 X-6.359 Y0.659 B-31.95123
G1 X-6.522 Y0.494 B-31.9556
G1 X-6.91 Y0.251 B-31.96421
G1 X-8.242 Y-.262 B-31.99106
G1 X-9.034 Y-.684 B-32.00794
G1 X-9.341 Y-.913 B-32.01514
G1 X-9.798 Y-1.398 B-32.02768
G1 X-10.088 Y-1.922 B-32.03894
G1 X-10.256 Y-2.571 B-32.05155
G1 X-10.274 Y-3.401 B-32.06717
G1 X-10.075 Y-4.107 B-32.08097
G1 X-9.867 Y-4.465 B-32.08876
G1 X-9.52 Y-4.866 B-32.09873
G1 X-9.028 Y-5.235 B-32.1103
G1 X-8.228 Y-5.561 B-32.12655
G1 X-7.572 Y-5.67 B-32.13906
G1 X-6.861 Y-5.685 B-32.15244
G1 X-6.183 Y-5.63 B-32.16523
G1 X-5.548 Y-5.497 B-32.17744
G1 X-4.719 Y-5.215 B-32.19391
G1 X-4.509 Y-5.082 B-32.19858
G1 X-4.394 Y-4.946 B-32.20193
G0 F60 X-3.657 Y-4.975
G1 F150 X-3.598 Y-5.219 B-32.20666
G1 X-3.507 Y-5.371 B-32.20999
G1 X-3.237 Y-5.532 B-32.2159
G1 X-3.056 Y-5.575 B-32.2194
G1 X-.333 Y-5.562 B-32.27062
G1 X0.47 Y-5.418 B-32.28597
G1 X1.101 Y-5.206 B-32.29849
G1 X1.656 Y-4.877 B-32.31063
G1 X1.945 Y-4.616 B-32.31795
G1 X2.203 Y-4.295 B-32.3257
G1 X2.456 Y-3.809 B-32.336
G1 X2.604 Y-3.31 B-32.34579
G1 X2.663 Y-2.574 B-32.35968
G1 X2.619 Y-2.034 B-32.36988
G1 X2.514 Y-1.59 B-32.37846
G1 X2.322 Y-1.127 B-32.38789
G1 X2.103 Y-.78 B-32.3956
G1 X1.831 Y-.47 B-32.40336
G1 X1.38 Y-.109 B-32.41423
G1 X0.871 Y0.162 B-32.42508
G1 X0.043 Y0.434 B-32.44147
G1 X-.961 Y0.523 B-32.46043
G1 X-1.518 Y0.524 B-32.47091
G1 X-1.518 Y3.103 B-32.51942
G1 X-1.577 Y3.347 B-32.52414
G1 X-1.668 Y3.499 B-32.52747
G1 X-1.938 Y3.66 B-32.53339
G1 X-2.118 Y3.703 B-32.53687
G1 X-3.057 Y3.703 B-32.55453
G1 X-3.301 Y3.644 B-32.55925
G1 X-3.453 Y3.553 B-32.56259
G1 X-3.614 Y3.283 B-32.5685
G1 X-3.657 Y3.103 B-32.57198
G1 X-3.657 Y-4.975 B-32.72393
G1 F300 B-26.22393
G0 F60 X-3.722 Y-4.975
G0 X-3.71 Y-5.629
G0 X-.379 Y-5.635
G0 X3.09 Y-4.975
G0 X3.555 Y-4.975
G1 F300 B-32.72393
G1 F150 X3.594 Y-5.094 B-32.72629
G1 X3.755 Y-5.175 B-32.72968
G1 X4.694 Y-5.175 B-32.74734
G1 X4.813 Y-5.136 B-32.7497
G1 X4.894 Y-4.975 B-32.75309
G1 X4.894 Y-1.738 B-32.81398
G1 X8.749 Y-1.738 B-32.88649
G1 X8.749 Y-4.975 B-32.94738
G1 X8.788 Y-5.094 B-32.94974
G1 X8.949 Y-5.175 B-32.95313
G1 X9.888 Y-5.175 B-32.97079
G1 X10.007 Y-5.136 B-32.97315
G1 X10.088 Y-4.975 B-32.97654
G1 X10.088 Y3.103 B-33.12849
G1 X10.049 Y3.222 B-33.13084
G1 X9.888 Y3.303 B-33.13423
G1 X8.949 Y3.303 B-33.1519
G1 X8.83 Y3.264 B-33.15425
G1 X8.749 Y3.103 B-33.15764
G1 X8.749 Y-.499 B-33.2254
G1 X4.894 Y-.499 B-33.29791
G1 X4.894 Y3.103 B-33.36567
G1 X4.855 Y3.222 B-33.36802
G1 X4.694 Y3.303 B-33.37141
G1 X3.755 Y3.303 B-33.38908
G1 X3.636 Y3.264 B-33.39143
G1 X3.555 Y3.103 B-33.39482
G1 X3.555 Y-4.975 B-33.54677
G0 F60 X3.155 Y-4.975
G1 F150 X3.155 Y3.103 B-33.69873
G1 X3.198 Y3.283 B-33.70221
G1 X3.359 Y3.553 B-33.70812
G1 X3.511 Y3.644 B-33.71145
G1 X3.755 Y3.703 B-33.71618
G1 X4.694 Y3.703 B-33.73384
G1 X4.874 Y3.66 B-33.73732
G1 X5.144 Y3.499 B-33.74323
G1 X5.235 Y3.347 B-33.74657
G1 X5.294 Y3.103 B-33.75129
G1 X5.294 Y-0.099 B-33.81152
G1 X8.349 Y-0.099 B-33.86898
G1 X8.349 Y3.103 B-33.92922
G1 X8.392 Y3.283 B-33.9327
G1 X8.553 Y3.553 B-33.93861
G1 X8.705 Y3.644 B-33.94194
G1 X8.949 Y3.703 B-33.94667
G1 X9.888 Y3.703 B-33.96433
G1 X10.068 Y3.66 B-33.96781
G1 X10.338 Y3.499 B-33.97372
G1 X10.429 Y3.347 B-33.97706
G1 X10.488 Y3.103 B-33.98178
G1 X10.488 Y-4.975 B-34.13373
G1 X10.445 Y-5.155 B-34.13721
G1 X10.284 Y-5.425 B-34.14312
G1 X10.132 Y-5.516 B-34.14646
G1 X9.888 Y-5.575 B-34.15118
G1 X8.949 Y-5.575 B-34.16884
G1 X8.769 Y-5.532 B-34.17232
G1 X8.499 Y-5.371 B-34.17824
G1 X8.408 Y-5.219 B-34.18157
G1 X8.349 Y-4.975 B-34.18629
G1 X8.349 Y-2.138 B-34.23966
G1 X5.294 Y-2.138 B-34.29712
G1 X5.294 Y-4.975 B-34.35049
G1 X5.251 Y-5.155 B-34.35397
G1 X5.09 Y-5.425 B-34.35988
G1 X4.938 Y-5.516 B-34.36321
G1 X4.694 Y-5.575 B-34.36794
G1 X3.755 Y-5.575 B-34.3856
G1 X3.575 Y-5.532 B-34.38908
G1 X3.305 Y-5.371 B-34.39499
G1 X3.214 Y-5.219 B-34.39833
G1 X3.155 Y-4.975 B-34.40305
G1 F300 B-27.90305
;MESH:Part Studio 1-2.stl
G0 F60 X3.09 Y-4.975
G0 X-.379 Y-5.635
G0 X-2.541 Y-5.64
G0 X-2.308 Y-.274
;TYPE:WALL-OUTER
G1 F300 B-34.40305
G1 F116.7 X-2.351 Y-0.072 B-34.40804
G1 F127.7 X-2.351 Y2.865 B-34.47295
G1 X-2.821 Y2.865 B-34.48334
G1 X-2.821 Y-0.072 B-34.54826
G1 F116.7 X-2.778 Y-.476 B-34.55808
G1 F116.3 X-2.819 Y-.799 B-34.56598
G1 F127.1 X-2.821 Y-4.16 B-34.64058
G1 F121.5 X-2.798 Y-4.714 B-34.65346
G1 F129.6 X-2.186 Y-4.766 B-34.66684
G1 F144.9 X-.503 Y-4.763 B-34.6996
G1 F141.5 X0.219 Y-4.639 B-34.71421
G1 F135.7 X0.773 Y-4.44 B-34.72644
G1 F129.3 X1.14 Y-4.211 B-34.73588
G1 F124.5 X1.5 Y-3.823 B-34.74788
G1 F121 X1.684 Y-3.446 B-34.75767
G1 F120.7 X1.768 Y-3.145 B-34.76497
G1 F121.5 X1.816 Y-2.618 B-34.77726
G1 F122.4 X1.782 Y-2.15 B-34.78808
G1 F125.5 X1.597 Y-1.541 B-34.80238
G1 F132.2 X1.246 Y-1.044 B-34.81537
G1 F138.2 X0.941 Y-.79 B-34.82347
G1 F141.8 X0.566 Y-.581 B-34.83201
G1 F143.2 X-.142 Y-.354 B-34.84666
G1 F144.9 X-.861 Y-.279 B-34.86074
G1 F133.9 X-1.585 Y-.276 B-34.87599
G1 F115.4 X-2.309 Y-.274 B-34.8937
G0 F60 X-2.308 Y-.274
G0 X-2.349 Y-0.08
G0 X-2.308 Y-.678
G1 F116.3 X-1.531 Y-.683 B-34.91255
G1 F137.9 X-.754 Y-.687 B-34.92845
G1 F149.3 X-.125 Y-.785 B-34.94048
G1 F146.7 X0.293 Y-.916 B-34.9489
G1 F143.9 X0.698 Y-1.14 B-34.95798
G1 F138.2 X0.925 Y-1.345 B-34.96422
G1 F132.7 X1.14 Y-1.667 B-34.97245
G1 F128.2 X1.246 Y-1.937 B-34.97884
G1 F125.5 X1.329 Y-2.457 B-34.99067
G1 F123.2 X1.282 Y-3.069 B-35.00473
G1 F122.2 X1.072 Y-3.582 B-35.01753
G1 F124.5 X0.853 Y-3.834 B-35.0251
G1 F130.4 X0.504 Y-4.073 B-35.03425
G1 F137 X0.09 Y-4.231 B-35.04338
G1 F141.5 X-.667 Y-4.355 B-35.05867
G1 F144.9 X-2.151 Y-4.362 B-35.08756
G1 F132.7 X-2.351 Y-4.301 B-35.09201
G1 F124 X-2.35 Y-.839 B-35.1708
G1 F116.3 X-2.308 Y-.678 B-35.17484
G0 F60 X-2.108 Y-.679
G1 F300 B-28.67484
G0 F60 X-2.628 Y-.679
G0 X-2.627 Y1.642
G0 X-3.722 Y1.642
G0 X-4.082 Y1.376
G0 X-6.19 Y2.318
G1 F300 B-35.17484
G1 F141.8 X-5.843 Y2.064 B-35.1834
G1 F135.7 X-5.645 Y1.83 B-35.18977
G1 F131.6 X-5.507 Y1.545 B-35.19656
G1 F128.8 X-5.424 Y1.133 B-35.20577
G1 F126.1 X-5.441 Y0.728 B-35.21484
G1 F124.5 X-5.51 Y0.458 B-35.22116
G1 X-5.671 Y0.157 B-35.2289
G1 F127.7 X-6.009 Y-.167 B-35.23924
G1 F132.7 X-6.544 Y-.487 B-35.2525
G1 X-7.884 Y-1.011 B-35.28308
G1 F130.4 X-8.554 Y-1.364 B-35.29946
G1 F129.6 X-8.797 Y-1.544 B-35.30605
G1 F126.6 X-9.142 Y-1.925 B-35.3175
G1 F125.5 X-9.299 Y-2.212 B-35.32486
G1 F126.8 X-9.42 Y-2.658 B-35.33514
G1 F126.6 X-9.434 Y-3.298 B-35.3494
G1 X-9.307 Y-3.762 B-35.36013
G1 F127.7 X-9.195 Y-3.974 B-35.36543
G1 F129.3 X-8.942 Y-4.27 B-35.37392
G1 F132.7 X-8.646 Y-4.502 B-35.38192
G1 F138.6 X-8.017 Y-4.771 B-35.39585
G1 F140.2 X-7.538 Y-4.852 B-35.40563
G1 F139.5 X-6.905 Y-4.87 B-35.41843
G1 F139.9 X-6.28 Y-4.817 B-35.43109
G1 F138.6 X-5.758 Y-4.706 B-35.44195
G1 F138.2 X-5.19 Y-4.513 B-35.4542
G1 F138.6 X-5.336 Y-4.103 B-35.46306
G1 X-5.842 Y-4.279 B-35.47397
G1 F138.9 X-6.293 Y-4.383 B-35.48337
G1 F141.5 X-7.062 Y-4.456 B-35.49877
G1 F142.9 X-7.888 Y-4.368 B-35.51518
G1 F142.2 X-8.198 Y-4.249 B-35.52177
G1 F138.2 X-8.526 Y-4.041 B-35.52969
G1 F131.3 X-8.829 Y-3.676 B-35.53989
G1 F127.7 X-8.96 Y-3.249 B-35.54976
G1 F126.6 X-8.951 Y-2.724 B-35.56147
G1 F126.8 X-8.863 Y-2.397 B-35.569
G1 F128.8 X-8.588 Y-1.983 B-35.57989
G1 F132.2 X-8.218 Y-1.692 B-35.58994
G1 F133 X-7.483 Y-1.333 B-35.60729
G1 F132.7 X-6.641 Y-1.013 B-35.62643
G1 F130.4 X-5.974 Y-.704 B-35.64234
G1 F126.1 X-5.469 Y-.33 B-35.6564
G1 F124.5 X-5.293 Y-.142 B-35.66224
G1 X-5.052 Y0.303 B-35.67371
G1 X-4.967 Y0.651 B-35.68183
G1 F126.1 X-4.953 Y1.151 B-35.69303
G1 F128.8 X-5.078 Y1.717 B-35.70573
G1 F131.6 X-5.274 Y2.086 B-35.71469
G1 F136.1 X-5.695 Y2.501 B-35.72695
G1 F140.2 X-6.099 Y2.734 B-35.73634
G1 F142.2 X-6.584 Y2.899 B-35.7465
G1 F142.9 X-7.302 Y3.013 B-35.76086
G1 X-8.181 Y2.991 B-35.77823
G1 F140.8 X-9.085 Y2.867 B-35.79651
G1 F138.2 X-9.572 Y2.691 B-35.80708
G1 F137 X-9.572 Y2.237 B-35.81643
G1 F139.5 X-8.918 Y2.445 B-35.83031
G1 F144.9 X-8.046 Y2.588 B-35.84751
G1 F146.3 X-7.226 Y2.587 B-35.86332
G1 X-6.791 Y2.524 B-35.87179
G1 F146.7 X-6.19 Y2.318 B-35.88401
G0 F60 X-6.029 Y2.2
G1 F300 B-29.38401
G0 F60 X-5.297 Y1.642
G0 X-5.149 Y1.137
G0 X-4.056 Y1.114
G0 X-3.71 Y3.756
G0 X-1.465 Y3.756
G0 X3.09 Y1.137
G0 X9.183 Y-.696
G1 F300 B-35.88401
G1 F116.1 X9.136 Y-.906 B-35.88925
G1 F106.4 X4.504 Y-.906 B-36.0121
G1 F116.1 X4.457 Y-.696 B-36.01733
G1 F127.7 X4.457 Y2.865 B-36.09604
G1 X3.987 Y2.865 B-36.10643
G1 X3.987 Y-.696 B-36.18513
G1 F116.1 X4.034 Y-1.116 B-36.19541
G1 F115.6 X3.989 Y-1.455 B-36.20376
G1 F127.1 X3.987 Y-4.737 B-36.2766
G1 F127.7 X4.457 Y-4.737 B-36.28699
G1 F127.1 X4.458 Y-1.495 B-36.35895
G1 F115.6 X4.504 Y-1.326 B-36.36323
G1 F106.4 X9.136 Y-1.326 B-36.48608
G1 F115.8 X9.182 Y-1.495 B-36.49035
G1 F127.1 X9.183 Y-4.737 B-36.56231
G1 F127.7 X9.653 Y-4.737 B-36.5727
G1 F127.1 X9.652 Y-1.455 B-36.64555
G1 F115.8 X9.606 Y-1.116 B-36.65388
G1 F116.1 X9.653 Y-.696 B-36.66416
G1 F127.7 X9.653 Y2.865 B-36.74286
G1 X9.183 Y2.865 B-36.75325
G1 X9.183 Y-.696 B-36.83196
G0 F60 X9.14 Y-.891
;MESH:NONMESH
G0 F600 X9.14 Y-.891 Z0.4
G0 F60 X9.183 Y-.696
;TIME_ELAPSED:896.820394
;LAYER:1
;TYPE:WALL-OUTER
;MESH:Part Studio 1-2.stl
G1 F116.1 X9.136 Y-.906 B-36.8337
G1 F106.4 X4.504 Y-.906 B-36.87465
G1 F116.1 X4.457 Y-.696 B-36.8764
G1 F127.7 X4.457 Y2.865 B-36.90263
G1 X3.987 Y2.865 B-36.90609
G1 X3.987 Y-.696 B-36.93233
G1 F116.1 X4.034 Y-1.116 B-36.93575
G1 F115.6 X3.989 Y-1.455 B-36.93854
G1 F127.1 X3.987 Y-4.737 B-36.96282
G1 F127.7 X4.457 Y-4.737 B-36.96628
G1 F127.1 X4.458 Y-1.495 B-36.99027
G1 F115.6 X4.504 Y-1.326 B-36.99169
G1 F106.4 X9.136 Y-1.326 B-37.03265
G1 F115.8 X9.182 Y-1.495 B-37.03407
G1 F127.1 X9.183 Y-4.737 B-37.05805
G1 F127.7 X9.653 Y-4.737 B-37.06152
G1 F127.1 X9.652 Y-1.455 B-37.0858
G1 F115.8 X9.606 Y-1.116 B-37.08858
G1 F116.1 X9.653 Y-.696 B-37.092
G1 F127.7 X9.653 Y2.865 B-37.11824
G1 X9.183 Y2.865 B-37.1217
G1 X9.183 Y-.696 B-37.14794
G0 F90 X9.14 Y-.891
G1 F300 B-30.64794
G0 F90 X9.409 Y-1.078
G0 X4.256 Y-1.137
G0 X4.185 Y-.274
G0 X3.09 Y-.274
G0 X0.031 Y0.506
G0 X-1.465 Y0.577
G0 X-2.308 Y-.274
G1 F300 B-37.14794
G1 F116.7 X-2.351 Y-0.072 B-37.1496
G1 F127.7 X-2.351 Y2.865 B-37.17124
G1 X-2.821 Y2.865 B-37.1747
G1 X-2.821 Y-0.072 B-37.19634
G1 F116.7 X-2.778 Y-.476 B-37.19961
G1 F116.3 X-2.819 Y-.799 B-37.20225
G1 F127.1 X-2.821 Y-4.16 B-37.22711
G1 F121.5 X-2.798 Y-4.714 B-37.23141
G1 F129.6 X-2.186 Y-4.768 B-37.23587
G1 F146.3 X-.786 Y-4.767 B-37.24487
G1 F143.2 X-0.078 Y-4.696 B-37.24954
G1 F137.9 X0.48 Y-4.56 B-37.25346
G1 F133.9 X0.765 Y-4.446 B-37.25561
G1 F129.3 X1.139 Y-4.212 B-37.25882
G1 F124.5 X1.5 Y-3.823 B-37.26283
G1 F121 X1.684 Y-3.446 B-37.26609
G1 X1.769 Y-3.145 B-37.26852
G1 F122.4 X1.819 Y-2.623 B-37.27255
G1 F123.5 X1.742 Y-1.957 B-37.27766
G1 F124.5 X1.658 Y-1.697 B-37.27972
G1 F127.7 X1.443 Y-1.284 B-37.28315
G1 F133.3 X1.246 Y-1.044 B-37.28534
G1 F138.2 X0.941 Y-.79 B-37.28804
G1 F142.2 X0.604 Y-.6 B-37.2906
G1 F143.5 X-.142 Y-.354 B-37.29575
G1 F145.6 X-.966 Y-.28 B-37.30109
G1 F135.1 X-1.637 Y-.277 B-37.30576
G1 F115.6 X-2.308 Y-.274 B-37.31122
G0 F90 X-2.349 Y-0.079
G0 X-2.308 Y-.678
G1 F125 X-1.06 Y-.679 B-37.32061
G1 F146.3 X-.253 Y-.757 B-37.32582
G1 F144.2 X0.418 Y-.972 B-37.33042
G1 F142.5 X0.696 Y-1.137 B-37.33255
G1 F138.2 X0.927 Y-1.347 B-37.33467
G1 F133 X1.145 Y-1.687 B-37.33753
G1 F128.8 X1.307 Y-2.232 B-37.34168
G1 F125.3 X1.331 Y-2.636 B-37.34472
G1 F122.7 X1.273 Y-3.111 B-37.34839
G1 F122.4 X1.072 Y-3.582 B-37.35232
G1 F124.5 X0.853 Y-3.834 B-37.35485
G1 F130.7 X0.485 Y-4.085 B-37.35805
G1 F139.5 X0.018 Y-4.251 B-37.36139
G1 F145.6 X-.758 Y-4.356 B-37.36645
G1 F147.1 X-2.151 Y-4.362 B-37.37536
G1 F132.7 X-2.351 Y-4.301 B-37.37684
G1 F124 X-2.35 Y-.839 B-37.40311
G1 F116.3 X-2.308 Y-.678 B-37.40445
G0 F90 X-2.108 Y-.678
G1 F300 B-30.90445
G0 F90 X-2.628 Y-.678
G0 X-2.627 Y1.494
G0 X-3.722 Y1.494
G0 X-4.073 Y1.315
G0 X-6.17 Y2.302
G1 F300 B-37.40445
G1 F141.5 X-5.844 Y2.063 B-37.40714
G1 F136.4 X-5.627 Y1.797 B-37.40951
G1 F132.7 X-5.495 Y1.496 B-37.41183
G1 F129.3 X-5.429 Y1.124 B-37.41458
G1 F126.1 X-5.471 Y0.587 B-37.4186
G1 F124 X-5.638 Y0.206 B-37.42176
G1 F125.5 X-5.977 Y-.142 B-37.4254
G1 F131 X-6.518 Y-.474 B-37.42996
G1 F132.2 X-7.884 Y-1.011 B-37.4404
G1 F130.4 X-8.551 Y-1.36 B-37.44583
G1 F128.5 X-9.026 Y-1.769 B-37.45042
G1 F126.6 X-9.242 Y-2.084 B-37.45326
G1 F126.8 X-9.42 Y-2.657 B-37.4577
G1 F126.3 X-9.428 Y-3.303 B-37.46251
G1 F126.6 X-9.277 Y-3.828 B-37.46657
G1 F127.7 X-9.087 Y-4.113 B-37.4691
G1 F131.6 X-8.637 Y-4.505 B-37.47336
G1 F138.2 X-8.016 Y-4.77 B-37.47796
G1 F140.2 X-7.538 Y-4.853 B-37.48121
G1 X-6.9 Y-4.871 B-37.48549
G1 X-6.169 Y-4.795 B-37.49042
G1 F138.9 X-5.758 Y-4.706 B-37.49327
G1 F138.2 X-5.19 Y-4.513 B-37.49735
G1 F138.6 X-5.336 Y-4.103 B-37.50031
G1 F138.9 X-6.059 Y-4.354 B-37.50549
G1 F141.5 X-7.058 Y-4.456 B-37.51216
G1 F143.5 X-7.755 Y-4.397 B-37.51675
G1 X-8.076 Y-4.299 B-37.51895
G1 F140.2 X-8.454 Y-4.097 B-37.52182
G1 F132.5 X-8.844 Y-3.646 B-37.52606
G1 F126.6 X-8.957 Y-3.213 B-37.52938
G1 F126.3 X-8.953 Y-2.724 B-37.53302
G1 F126.8 X-8.809 Y-2.277 B-37.5365
G1 F129.3 X-8.486 Y-1.89 B-37.54017
G1 F132.2 X-8.217 Y-1.691 B-37.54255
G1 F132.7 X-7.483 Y-1.333 B-37.54834
G1 X-6.641 Y-1.012 B-37.55472
G1 F130.2 X-5.995 Y-.714 B-37.55986
G1 F125 X-5.489 Y-.358 B-37.56452
G1 F122.7 X-5.257 Y-0.093 B-37.56722
G1 F123.5 X-5.032 Y0.369 B-37.57113
G1 X-4.969 Y0.647 B-37.5733
G1 F124.7 X-4.952 Y1.047 B-37.57632
G1 F126.1 X-4.992 Y1.423 B-37.57914
G1 F128.8 X-5.169 Y1.909 B-37.58292
G1 F132.2 X-5.354 Y2.186 B-37.58529
G1 F135.7 X-5.695 Y2.502 B-37.58851
G1 F140.2 X-6.098 Y2.734 B-37.59163
G1 F143.5 X-6.539 Y2.888 B-37.5947
G1 F144.2 X-7.114 Y2.983 B-37.5985
G1 F142.9 X-7.573 Y3.003 B-37.60152
G1 F139.5 X-8.56 Y2.956 B-37.60818
G1 F136.1 X-9.262 Y2.803 B-37.61315
G1 F136.4 X-9.573 Y2.691 B-37.61543
G1 F136.7 X-9.573 Y2.237 B-37.61855
G1 F137.6 X-8.975 Y2.427 B-37.62284
G1 F139.9 X-8.271 Y2.553 B-37.62765
G1 F143.5 X-7.325 Y2.591 B-37.63385
G1 F145.6 X-6.628 Y2.486 B-37.63841
G1 F144.9 X-6.17 Y2.302 B-37.64161
G0 F90 X-6.009 Y2.184
G1 F300 B-31.14161
;MESH:NONMESH
G0 F600 X-6.009 Y2.184 Z0.5
G0 F90 X-5.258 Y1.494
G0 X-5.142 Y1.05
G0 X-4.05 Y1.002
G0 X-3.71 Y3.756
G0 X-1.465 Y3.756
G0 X3.09 Y1.05
G0 X9.183 Y-.696
;TIME_ELAPSED:981.980490
;LAYER:2
;TYPE:WALL-OUTER
;MESH:Part Studio 1-2.stl
G1 F300 B-37.64161
G1 F116.1 X9.136 Y-.906 B-37.64335
G1 F106.4 X4.504 Y-.906 B-37.6843
G1 F116.1 X4.457 Y-.696 B-37.68605
G1 F127.7 X4.457 Y2.865 B-37.71228
G1 X3.987 Y2.865 B-37.71575
G1 X3.987 Y-.696 B-37.74198
G1 F116.1 X4.034 Y-1.116 B-37.74541
G1 F115.6 X3.989 Y-1.455 B-37.74819
G1 F127.1 X3.987 Y-4.737 B-37.77247
G1 F127.7 X4.457 Y-4.737 B-37.77593
G1 F127.1 X4.458 Y-1.495 B-37.79992
G1 F115.6 X4.504 Y-1.326 B-37.80135
G1 F106.4 X9.136 Y-1.326 B-37.8423
G1 F115.8 X9.182 Y-1.495 B-37.84372
G1 F127.1 X9.183 Y-4.737 B-37.86771
G1 F127.7 X9.653 Y-4.737 B-37.87117
G1 F127.1 X9.652 Y-1.455 B-37.89545
G1 F115.8 X9.606 Y-1.116 B-37.89823
G1 F116.1 X9.653 Y-.696 B-37.90166
G1 F127.7 X9.653 Y2.865 B-37.92789
G1 X9.183 Y2.865 B-37.93135
G1 X9.183 Y-.696 B-37.95759
G0 F120 X9.14 Y-.891
G1 F300 B-31.45759
G0 F120 X9.409 Y-1.078
G0 X4.256 Y-1.137
G0 X4.185 Y-.274
G0 X3.09 Y-.274
G0 X0.031 Y0.506
G0 X-1.465 Y0.577
G0 X-2.308 Y-.274
G1 F300 B-37.95759
G1 F116.7 X-2.351 Y-0.072 B-37.95925
G1 F127.7 X-2.351 Y2.865 B-37.98089
G1 X-2.821 Y2.865 B-37.98435
G1 X-2.821 Y-0.072 B-38.00599
G1 F116.7 X-2.778 Y-.476 B-38.00927
G1 F116.3 X-2.819 Y-.799 B-38.0119
G1 F127.1 X-2.821 Y-4.16 B-38.03677
G1 F121.5 X-2.798 Y-4.714 B-38.04106
G1 F129.6 X-2.186 Y-4.766 B-38.04552
G1 F144.9 X-.581 Y-4.758 B-38.05593
G1 F142.2 X0.019 Y-4.679 B-38.05994
G1 F136.7 X0.584 Y-4.522 B-38.06397
G1 F131.3 X0.931 Y-4.357 B-38.06673
G1 F125.5 X1.349 Y-4.012 B-38.07079
G1 F122 X1.5 Y-3.823 B-38.07265
G1 F121 X1.685 Y-3.446 B-38.07592
G1 X1.768 Y-3.15 B-38.07831
G1 F122 X1.817 Y-2.534 B-38.08307
G1 F123 X1.759 Y-2.033 B-38.08693
G1 F127.1 X1.542 Y-1.436 B-38.09163
G1 F132.5 X1.246 Y-1.045 B-38.09511
G1 F138.2 X0.941 Y-.79 B-38.09782
G1 F141.8 X0.604 Y-.602 B-38.10038
G1 F142.9 X-.142 Y-.355 B-38.10555
G1 F145.6 X-.947 Y-.28 B-38.11077
G1 F135.4 X-1.628 Y-.277 B-38.1155
G1 F115.6 X-2.309 Y-.274 B-38.12104
G0 F120 X-2.308 Y-.274
G0 X-2.349 Y-0.08
G0 X-2.308 Y-.678
G1 F124.7 X-.997 Y-.682 B-38.13093
G1 F146.7 X-.139 Y-.783 B-38.13647
G1 F145.3 X0.346 Y-.942 B-38.13977
G1 F142.9 X0.71 Y-1.15 B-38.14253
G1 F138.2 X0.906 Y-1.327 B-38.14433
G1 F132.5 X1.135 Y-1.655 B-38.14717
G1 F128.2 X1.309 Y-2.23 B-38.15157
G1 F125.5 X1.317 Y-2.846 B-38.15619
G1 F123.5 X1.278 Y-3.095 B-38.15811
G1 F123 X1.111 Y-3.515 B-38.16157
G1 F126.3 X0.833 Y-3.849 B-38.1648
G1 F131.6 X0.57 Y-4.037 B-38.16711
G1 F137.6 X0.04 Y-4.242 B-38.171
G1 F143.9 X-.745 Y-4.355 B-38.17618
G1 F146.3 X-2.151 Y-4.362 B-38.18522
G1 F132.7 X-2.351 Y-4.301 B-38.1867
G1 F124 X-2.35 Y-.839 B-38.21297
G1 F116.3 X-2.308 Y-.678 B-38.21431
G0 F120 X-2.108 Y-.678
G1 F300 B-31.71431
G0 F120 X-2.628 Y-.678
G0 X-2.627 Y1.635
G0 X-3.722 Y1.635
G0 X-4.1 Y1.54
G0 X-6.166 Y2.305
G1 F300 B-38.21431
G1 F140.2 X-5.723 Y1.937 B-38.21818
G1 F133.6 X-5.566 Y1.694 B-38.22021
G1 F129.9 X-5.445 Y1.305 B-38.22316
G1 F127.1 X-5.465 Y0.633 B-38.22814
G1 F125 X-5.638 Y0.207 B-38.2316
G1 F125.8 X-5.977 Y-.142 B-38.23523
G1 F131 X-6.518 Y-.474 B-38.23979
G1 F132.2 X-7.884 Y-1.011 B-38.25024
G1 F130.4 X-8.551 Y-1.36 B-38.25566
G1 F128.8 X-9.027 Y-1.768 B-38.26024
G1 F126.6 X-9.241 Y-2.085 B-38.26309
G1 F125.8 X-9.417 Y-2.657 B-38.26756
G1 F125.5 X-9.428 Y-3.311 B-38.27246
G1 F125.8 X-9.358 Y-3.628 B-38.27489
G1 F127.7 X-9.192 Y-3.974 B-38.27772
G1 F130.4 X-8.944 Y-4.273 B-38.28052
G1 F134.2 X-8.647 Y-4.503 B-38.28315
G1 F138.2 X-8.015 Y-4.768 B-38.28781
G1 F139.5 X-7.373 Y-4.883 B-38.29221
G1 X-6.655 Y-4.854 B-38.29705
G1 F138.9 X-5.757 Y-4.705 B-38.30322
G1 F138.6 X-5.19 Y-4.513 B-38.30728
G1 X-5.336 Y-4.103 B-38.31023
G1 X-5.86 Y-4.284 B-38.314
G1 F140.8 X-6.282 Y-4.375 B-38.31688
G1 F142.9 X-7.062 Y-4.457 B-38.32204
G1 X-7.503 Y-4.439 B-38.32495
G1 X-8.052 Y-4.309 B-38.32866
G1 F140.2 X-8.421 Y-4.126 B-38.33143
G1 F134.8 X-8.684 Y-3.887 B-38.33391
G1 F131.3 X-8.832 Y-3.667 B-38.3358
G1 F128.5 X-8.938 Y-3.372 B-38.3381
G1 F127.7 X-8.962 Y-2.855 B-38.34191
G1 F127.4 X-8.889 Y-2.467 B-38.34483
G1 F127.7 X-8.753 Y-2.184 B-38.34714
G1 F130.4 X-8.517 Y-1.916 B-38.34972
G1 F132.2 X-8.217 Y-1.691 B-38.35238
G1 F132.7 X-7.483 Y-1.333 B-38.35817
G1 X-6.641 Y-1.012 B-38.36456
G1 F130.2 X-5.995 Y-.714 B-38.3697
G1 F125 X-5.489 Y-.358 B-38.37435
G1 F123 X-5.258 Y-0.095 B-38.37703
G1 X-5.055 Y0.301 B-38.38043
G1 X-4.956 Y0.824 B-38.3845
G1 F126.1 X-5.02 Y1.546 B-38.38991
G1 F130.4 X-5.165 Y1.91 B-38.39274
G1 F133.3 X-5.353 Y2.187 B-38.3951
G1 F135.7 X-5.696 Y2.5 B-38.39832
G1 F139.5 X-6.098 Y2.735 B-38.40146
G1 F144.2 X-6.539 Y2.888 B-38.4045
G1 X-7.128 Y2.984 B-38.40839
G1 F143.5 X-7.573 Y3.004 B-38.41131
G1 F140.2 X-8.56 Y2.956 B-38.41794
G1 F136.1 X-9.262 Y2.803 B-38.42291
G1 F136.4 X-9.573 Y2.691 B-38.42519
G1 F136.7 X-9.573 Y2.237 B-38.42831
G1 F137.6 X-8.975 Y2.427 B-38.4326
G1 F139.9 X-8.271 Y2.553 B-38.43741
G1 F143.5 X-7.373 Y2.596 B-38.4433
G1 F145.6 X-6.628 Y2.486 B-38.44816
G1 X-6.166 Y2.305 B-38.45137
G0 F120 X-6.013 Y2.178
G1 F300 B-31.95137
;MESH:NONMESH
G0 F600 X-6.013 Y2.178 Z0.6
G0 F120 X-5.868 Y2.32
G0 X-5.626 Y2.156
G0 X-5.211 Y1.494
G0 X-4.142 Y1.731
G0 X-3.71 Y3.756
G0 X-1.465 Y3.756
G0 X3.09 Y1.494
G0 X9.183 Y-.696
;TIME_ELAPSED:1061.230290
;LAYER:3
;TYPE:WALL-OUTER
;MESH:Part Studio 1-2.stl
G1 F300 B-38.45137
G1 F116.1 X9.136 Y-.906 B-38.45311
G1 F106.4 X4.504 Y-.906 B-38.49406
G1 F116.1 X4.457 Y-.696 B-38.49581
G1 F127.7 X4.457 Y2.865 B-38.52204
G1 X3.987 Y2.865 B-38.5255
G1 X3.987 Y-.696 B-38.55174
G1 F116.1 X4.034 Y-1.116 B-38.55517
G1 F115.6 X3.989 Y-1.455 B-38.55795
G1 F127.1 X3.987 Y-4.737 B-38.58223
G1 F127.7 X4.457 Y-4.737 B-38.58569
G1 F127.1 X4.458 Y-1.495 B-38.60968
G1 F115.6 X4.504 Y-1.326 B-38.61111
G1 F106.4 X9.136 Y-1.326 B-38.65206
G1 F115.8 X9.182 Y-1.495 B-38.65348
G1 F127.1 X9.183 Y-4.737 B-38.67747
G1 F127.7 X9.653 Y-4.737 B-38.68093
G1 F127.1 X9.652 Y-1.455 B-38.70521
G1 F115.8 X9.606 Y-1.116 B-38.70799
G1 F116.1 X9.653 Y-.696 B-38.71141
G1 F127.7 X9.653 Y2.865 B-38.73765
G1 X9.183 Y2.865 B-38.74111
G1 X9.183 Y-.696 B-38.76735
G0 F120 X9.14 Y-.891
G1 F300 B-32.26735
G0 F120 X9.409 Y-1.078
G0 X4.256 Y-1.137
G0 X4.185 Y-.274
G0 X3.09 Y-.274
G0 X0.031 Y0.506
G0 X-1.465 Y0.577
G0 X-2.308 Y-.274
G1 F300 B-38.76735
G1 F116.7 X-2.351 Y-0.072 B-38.76901
G1 F127.7 X-2.351 Y2.865 B-38.79065
G1 X-2.821 Y2.865 B-38.79411
G1 X-2.821 Y-0.072 B-38.81575
G1 F116.7 X-2.778 Y-.476 B-38.81902
G1 F116.3 X-2.819 Y-.799 B-38.82166
G1 F127.1 X-2.821 Y-4.16 B-38.84653
G1 F121.5 X-2.798 Y-4.714 B-38.85082
G1 F129.6 X-2.186 Y-4.766 B-38.85528
G1 F144.9 X-.502 Y-4.763 B-38.86621
G1 F141.5 X0.236 Y-4.634 B-38.87119
G1 F134.8 X0.771 Y-4.437 B-38.87516
G1 F127.7 X1.138 Y-4.209 B-38.87835
G1 F122.7 X1.497 Y-3.821 B-38.8824
G1 F121 X1.688 Y-3.448 B-38.88566
G1 F121.2 X1.767 Y-3.144 B-38.88809
G1 F122 X1.819 Y-2.621 B-38.89215
G1 F122.7 X1.758 Y-2.033 B-38.89668
G1 F126.1 X1.539 Y-1.435 B-38.90143
G1 F132.2 X1.244 Y-1.047 B-38.9049
G1 F135.7 X0.938 Y-.794 B-38.90765
G1 F140.2 X0.604 Y-.602 B-38.91023
G1 F142.9 X-.142 Y-.355 B-38.91541
G1 F145.6 X-.947 Y-.28 B-38.92063
G1 F135.4 X-1.628 Y-.277 B-38.92536
G1 F115.6 X-2.309 Y-.274 B-38.9309
G0 F120 X-2.308 Y-.274
G0 X-2.349 Y-0.08
G0 X-2.308 Y-.678
G1 F124.7 X-.997 Y-.682 B-38.94078
G1 F146.7 X-.139 Y-.783 B-38.94632
G1 F144.9 X0.363 Y-.947 B-38.94975
G1 F140.8 X0.854 Y-1.277 B-38.9537
G1 F133.6 X1.133 Y-1.654 B-38.957
G1 F129 X1.311 Y-2.241 B-38.96147
G1 F126.1 X1.326 Y-2.76 B-38.96535
G1 F123 X1.229 Y-3.264 B-38.96927
G1 F122.4 X0.99 Y-3.691 B-38.97303
G1 F129 X0.678 Y-3.975 B-38.97611
G1 F137.6 X0.088 Y-4.232 B-38.9805
G1 F141.5 X-.668 Y-4.355 B-38.98559
G1 F144.9 X-2.151 Y-4.362 B-38.99522
G1 F132.7 X-2.351 Y-4.301 B-38.9967
G1 F124 X-2.35 Y-.839 B-39.02297
G1 F116.3 X-2.308 Y-.678 B-39.02431
G0 F120 X-2.108 Y-.678
G1 F300 B-32.52431
G0 F120 X-2.628 Y-.678
G0 X-2.627 Y1.778
G0 X-3.722 Y1.778
G0 X-4.115 Y1.533
G0 X-5.888 Y2.11
G1 F300 B-39.02431
G1 F136.4 X-5.595 Y1.744 B-39.02755
G1 F131.6 X-5.452 Y1.344 B-39.03058
G1 F127.7 X-5.442 Y0.732 B-39.03509
G1 F124.2 X-5.635 Y0.206 B-39.03933
G1 F125.8 X-5.978 Y-.142 B-39.04299
G1 F130.7 X-6.518 Y-.474 B-39.04755
G1 F132.2 X-7.884 Y-1.011 B-39.05799
G1 F130.4 X-8.551 Y-1.36 B-39.06342
G1 F128.8 X-9.026 Y-1.769 B-39.068
G1 F125.8 X-9.239 Y-2.086 B-39.07086
G1 F125.5 X-9.419 Y-2.658 B-39.07535
G1 F126.6 X-9.434 Y-3.276 B-39.07994
G1 F127.1 X-9.269 Y-3.842 B-39.0843
G1 F129.9 X-8.939 Y-4.275 B-39.08825
G1 F133.9 X-8.646 Y-4.502 B-39.09085
G1 F137.9 X-8.015 Y-4.768 B-39.09552
G1 F139.5 X-7.373 Y-4.883 B-39.09992
G1 F139.2 X-6.655 Y-4.854 B-39.10477
G1 F138.9 X-5.757 Y-4.705 B-39.11094
G1 F138.6 X-5.19 Y-4.513 B-39.115
G1 X-5.336 Y-4.103 B-39.11795
G1 X-5.86 Y-4.284 B-39.12172
G1 F140.8 X-6.282 Y-4.375 B-39.1246
G1 F142.9 X-7.058 Y-4.457 B-39.12974
G1 F143.5 X-7.593 Y-4.429 B-39.13325
G1 F143.9 X-8.108 Y-4.289 B-39.13673
G1 F140.2 X-8.389 Y-4.147 B-39.13885
G1 F135.1 X-8.693 Y-3.874 B-39.14169
G1 F131 X-8.845 Y-3.643 B-39.14368
G1 F127.1 X-8.961 Y-3.241 B-39.14677
G1 F126.6 X-8.945 Y-2.704 B-39.15076
G1 X-8.857 Y-2.385 B-39.15322
G1 F127.7 X-8.622 Y-2.019 B-39.15643
G1 F130.2 X-8.252 Y-1.708 B-39.15992
G1 F132.5 X-7.483 Y-1.333 B-39.16599
G1 F132.7 X-6.641 Y-1.012 B-39.17238
G1 F130.2 X-5.995 Y-.714 B-39.17752
G1 F125 X-5.489 Y-.359 B-39.18217
G1 F123 X-5.256 Y-0.094 B-39.18487
G1 X-5.034 Y0.37 B-39.1888
G1 F123.2 X-4.968 Y0.647 B-39.19098
G1 F124.5 X-4.954 Y1.057 B-39.19408
G1 F126.1 X-5.031 Y1.582 B-39.19804
G1 F129.3 X-5.164 Y1.9 B-39.20054
G1 F132.7 X-5.45 Y2.293 B-39.20399
G1 F137.3 X-5.694 Y2.501 B-39.20618
G1 F140.8 X-6.098 Y2.734 B-39.2093
G1 F143.5 X-6.539 Y2.886 B-39.21236
G1 F144.9 X-7.128 Y2.988 B-39.21623
G1 F142.9 X-7.748 Y3.012 B-39.22032
G1 F138.2 X-8.56 Y2.956 B-39.22586
G1 F136.1 X-9.262 Y2.803 B-39.23082
G1 F136.4 X-9.573 Y2.691 B-39.2331
G1 F136.7 X-9.573 Y2.237 B-39.23623
G1 F137.6 X-8.975 Y2.427 B-39.24052
G1 F142.9 X-8.041 Y2.588 B-39.24676
G1 F146.3 X-7.179 Y2.579 B-39.2523
G1 F145.6 X-6.579 Y2.471 B-39.25623
G1 F144.9 X-6.189 Y2.312 B-39.25897
G1 F142.2 X-5.888 Y2.11 B-39.26136
G0 F120 X-5.764 Y1.954
G1 F300 B-32.76136
;MESH:NONMESH
G0 F600 X-5.764 Y1.954 Z0.7
G0 F120 X-5.595 Y2.09
G0 X-5.224 Y1.532
G0 X-4.143 Y1.707
G0 X-3.71 Y3.756
G0 X-1.465 Y3.756
G0 X3.09 Y1.532
G0 X9.183 Y-.696
;TIME_ELAPSED:1140.249623
;LAYER:4
;TYPE:WALL-OUTER
;MESH:Part Studio 1-2.stl
G1 F300 B-39.26136
G1 F116.1 X9.136 Y-.906 B-39.26311
G1 F106.4 X4.504 Y-.906 B-39.30406
G1 F116.1 X4.457 Y-.696 B-39.3058
G1 F127.7 X4.457 Y2.865 B-39.33204
G1 X3.987 Y2.865 B-39.3355
G1 X3.987 Y-.696 B-39.36174
G1 F116.1 X4.034 Y-1.116 B-39.36516
G1 F115.6 X3.989 Y-1.455 B-39.36795
G1 F127.1 X3.987 Y-4.737 B-39.39223
G1 F127.7 X4.457 Y-4.737 B-39.39569
G1 F127.1 X4.458 Y-1.495 B-39.41968
G1 F115.6 X4.504 Y-1.326 B-39.4211
G1 F106.4 X9.136 Y-1.326 B-39.46205
G1 F115.8 X9.182 Y-1.495 B-39.46348
G1 F127.1 X9.183 Y-4.737 B-39.48746
G1 F127.7 X9.653 Y-4.737 B-39.49093
G1 F127.1 X9.652 Y-1.455 B-39.51521
G1 F115.8 X9.606 Y-1.116 B-39.51799
G1 F116.1 X9.653 Y-.696 B-39.52141
G1 F127.7 X9.653 Y2.865 B-39.54765
G1 X9.183 Y2.865 B-39.55111
G1 X9.183 Y-.696 B-39.57735
G0 F120 X9.14 Y-.891
G1 F300 B-33.07735
G0 F120 X9.409 Y-1.078
G0 X4.256 Y-1.137
G0 X4.185 Y-.274
G0 X3.09 Y-.274
G0 X0.031 Y0.506
G0 X-1.465 Y0.577
G0 X-2.308 Y-.274
G1 F300 B-39.57735
G1 F116.7 X-2.351 Y-0.072 B-39.57901
G1 F127.7 X-2.351 Y2.865 B-39.60065
G1 X-2.821 Y2.865 B-39.60411
G1 X-2.821 Y-0.072 B-39.62575
G1 F116.7 X-2.778 Y-.476 B-39.62902
G1 F116.3 X-2.819 Y-.799 B-39.63166
G1 F127.1 X-2.821 Y-4.16 B-39.65652
G1 F121.5 X-2.798 Y-4.714 B-39.66082
G1 F129.6 X-2.186 Y-4.766 B-39.66527
G1 F144.9 X-.503 Y-4.763 B-39.6762
G1 F141.5 X0.219 Y-4.639 B-39.68107
G1 F136.4 X0.769 Y-4.443 B-39.68509
G1 F128.2 X1.276 Y-4.09 B-39.68962
G1 F122.4 X1.572 Y-3.704 B-39.69336
G1 F121.7 X1.768 Y-3.144 B-39.69795
G1 F122.7 X1.82 Y-2.618 B-39.702
G1 F124.5 X1.789 Y-2.187 B-39.70526
G1 F126.6 X1.578 Y-1.507 B-39.71055
G1 F132.2 X1.244 Y-1.043 B-39.71462
G1 F138.2 X0.941 Y-.79 B-39.71731
G1 F142.2 X0.567 Y-.58 B-39.72014
G1 F142.9 X-.142 Y-.355 B-39.72504
G1 F145.6 X-.965 Y-.279 B-39.73038
G1 F135.4 X-1.637 Y-.276 B-39.73505
G1 F115.6 X-2.309 Y-.274 B-39.74051
G0 F120 X-2.308 Y-.274
G0 X-2.349 Y-0.08
G0 X-2.308 Y-.678
G1 F124.7 X-1.001 Y-.682 B-39.75037
G1 F147.1 X-.283 Y-.751 B-39.75498
G1 F146.3 X0.337 Y-.935 B-39.75914
G1 F143.5 X0.7 Y-1.139 B-39.76187
G1 F138.2 X0.905 Y-1.325 B-39.76375
G1 F132.2 X1.148 Y-1.686 B-39.76685
G1 F127.1 X1.307 Y-2.21 B-39.7709
G1 F124.7 X1.335 Y-2.622 B-39.77401
G1 F123.5 X1.265 Y-3.148 B-39.77805
G1 F123 X1.138 Y-3.472 B-39.78072
G1 F125 X0.846 Y-3.836 B-39.78423
G1 F130.4 X0.573 Y-4.036 B-39.78667
G1 F136.4 X0.093 Y-4.23 B-39.79024
G1 F141.5 X-.666 Y-4.355 B-39.79535
G1 F144.9 X-2.151 Y-4.362 B-39.80499
G1 F132.7 X-2.351 Y-4.301 B-39.80647
G1 F124 X-2.35 Y-.839 B-39.83274
G1 F116.3 X-2.308 Y-.678 B-39.83408
G0 F120 X-2.108 Y-.678
G1 F300 B-33.33408
G0 F120 X-2.628 Y-.678
G0 X-2.627 Y1.41
G0 X-3.722 Y1.41
G0 X-4.075 Y1.316
G0 X-6.267 Y2.358
G1 F300 B-39.83408
G1 F140.8 X-5.843 Y2.064 B-39.83753
G1 F135.1 X-5.626 Y1.797 B-39.83992
G1 F131.3 X-5.504 Y1.538 B-39.84197
G1 F129 X-5.425 Y1.133 B-39.84498
G1 F126.6 X-5.435 Y0.797 B-39.84748
G1 F125.5 X-5.536 Y0.401 B-39.85054
G1 F125.3 X-5.662 Y0.167 B-39.85254
G1 F127.1 X-5.982 Y-.147 B-39.85585
G1 F132.2 X-6.544 Y-.487 B-39.86053
G1 F132.7 X-7.884 Y-1.011 B-39.87072
G1 F130.4 X-8.551 Y-1.36 B-39.87615
G1 F128.2 X-9.026 Y-1.769 B-39.88075
G1 F126.6 X-9.243 Y-2.084 B-39.88359
G1 F126.3 X-9.418 Y-2.658 B-39.88806
G1 F126.1 X-9.434 Y-3.271 B-39.89263
G1 X-9.362 Y-3.616 B-39.89526
G1 F127.7 X-9.09 Y-4.116 B-39.89946
G1 F132.2 X-8.635 Y-4.502 B-39.9037
G1 F136.4 X-8.014 Y-4.766 B-39.90836
G1 F139.5 X-7.373 Y-4.886 B-39.91275
G1 F141.5 X-6.654 Y-4.859 B-39.91753
G1 F140.8 X-5.757 Y-4.705 B-39.92361
G1 F138.9 X-5.19 Y-4.513 B-39.92767
G1 X-5.336 Y-4.104 B-39.93061
G1 X-5.852 Y-4.284 B-39.93431
G1 F140.8 X-6.668 Y-4.435 B-39.93985
G1 F141.5 X-7.352 Y-4.457 B-39.9444
G1 F141.2 X-8.06 Y-4.315 B-39.94921
G1 F139.2 X-8.575 Y-3.995 B-39.9533
G1 F133.3 X-8.796 Y-3.728 B-39.95575
G1 F128.2 X-8.929 Y-3.407 B-39.9583
G1 F127.1 X-8.966 Y-3.153 B-39.9602
G1 F127.7 X-8.929 Y-2.611 B-39.9642
G1 F127.4 X-8.829 Y-2.311 B-39.96654
G1 F128.8 X-8.569 Y-1.967 B-39.96969
G1 F131.3 X-8.217 Y-1.691 B-39.97289
G1 F132.7 X-7.483 Y-1.333 B-39.97868
G1 X-6.641 Y-1.013 B-39.98506
G1 F130.2 X-5.974 Y-.703 B-39.99037
G1 F126.1 X-5.471 Y-.336 B-39.99502
G1 F124.7 X-5.254 Y-0.089 B-39.9975
G1 F124 X-5.033 Y0.37 B-40.00136
G1 F123 X-4.97 Y0.646 B-40.00353
G1 F125 X-4.95 Y1.107 B-40.007
G1 F128.2 X-5.068 Y1.698 B-40.01142
G1 F131 X-5.216 Y1.995 B-40.0138
G1 F133.6 X-5.447 Y2.287 B-40.01642
G1 F137 X-5.696 Y2.501 B-40.01868
G1 F141.5 X-6.097 Y2.737 B-40.02177
G1 F144.2 X-6.539 Y2.886 B-40.02481
G1 X-7.26 Y3.007 B-40.02958
G1 F142.2 X-8.155 Y2.987 B-40.0355
G1 F139.2 X-8.771 Y2.909 B-40.0397
G1 F136.7 X-9.262 Y2.803 B-40.04315
G1 F136.4 X-9.573 Y2.691 B-40.04543
G1 F136.7 X-9.573 Y2.237 B-40.04856
G1 F137.6 X-8.975 Y2.427 B-40.05285
G1 F140.2 X-8.257 Y2.554 B-40.05774
G1 F142.9 X-7.278 Y2.589 B-40.06419
G1 F144.9 X-6.731 Y2.51 B-40.06777
G1 F145.6 X-6.267 Y2.358 B-40.07093
G0 F120 X-6.103 Y2.245
G1 F300 B-33.57093
;MESH:NONMESH
G0 F600 X-6.103 Y2.245 Z0.8
G0 F120 X-5.243 Y1.41
G0 X-5.145 Y1.093
G0 X-4.052 Y1.058
G0 X-3.71 Y3.756
G0 X-1.465 Y3.756
G0 X3.09 Y1.093
G0 X9.183 Y-.696
;TIME_ELAPSED:1219.958185
;LAYER:5
;TYPE:WALL-OUTER
;MESH:Part Studio 1-2.stl
G1 F300 B-40.07093
G1 F116.1 X9.136 Y-.906 B-40.07267
G1 F106.4 X4.504 Y-.906 B-40.11362
G1 F116.1 X4.457 Y-.696 B-40.11537
G1 F127.7 X4.457 Y2.865 B-40.1416
G1 X3.987 Y2.865 B-40.14507
G1 X3.987 Y-.696 B-40.1713
G1 F116.1 X4.034 Y-1.116 B-40.17473
G1 F115.6 X3.989 Y-1.455 B-40.17751
G1 F127.1 X3.987 Y-4.737 B-40.20179
G1 F127.7 X4.457 Y-4.737 B-40.20525
G1 F127.1 X4.458 Y-1.495 B-40.22924
G1 F115.6 X4.504 Y-1.326 B-40.23067
G1 F106.4 X9.136 Y-1.326 B-40.27162
G1 F115.8 X9.182 Y-1.495 B-40.27304
G1 F127.1 X9.183 Y-4.737 B-40.29703
G1 F127.7 X9.653 Y-4.737 B-40.30049
G1 F127.1 X9.652 Y-1.455 B-40.32477
G1 F115.8 X9.606 Y-1.116 B-40.32755
G1 F116.1 X9.653 Y-.696 B-40.33097
G1 F127.7 X9.653 Y2.865 B-40.35721
G1 X9.183 Y2.865 B-40.36067
G1 X9.183 Y-.696 B-40.38691
G0 F120 X9.14 Y-.891
G1 F300 B-33.88691
G0 F120 X9.409 Y-1.078
G0 X4.256 Y-1.137
G0 X4.185 Y-.274
G0 X3.09 Y-.274
G0 X0.031 Y0.506
G0 X-1.465 Y0.577
G0 X-2.308 Y-.274
G1 F300 B-40.38691
G1 F116.7 X-2.351 Y-0.072 B-40.38857
G1 F127.7 X-2.351 Y2.865 B-40.41021
G1 X-2.821 Y2.865 B-40.41367
G1 X-2.821 Y-0.072 B-40.43531
G1 F116.7 X-2.778 Y-.476 B-40.43859
G1 F116.3 X-2.819 Y-.799 B-40.44122
G1 F127.1 X-2.821 Y-4.16 B-40.46609
G1 F121.5 X-2.798 Y-4.714 B-40.47038
G1 F129.6 X-2.186 Y-4.766 B-40.47484
G1 F144.9 X-.503 Y-4.763 B-40.48576
G1 F141.5 X0.22 Y-4.639 B-40.49064
G1 F136.1 X0.727 Y-4.462 B-40.49435
G1 F129.6 X1.009 Y-4.302 B-40.4967
G1 F125.3 X1.347 Y-4.02 B-40.50001
G1 F122.4 X1.499 Y-3.822 B-40.50192
G1 F121.2 X1.687 Y-3.447 B-40.50518
G1 F121.5 X1.768 Y-3.145 B-40.5076
G1 F122.7 X1.821 Y-2.609 B-40.51173
G1 F123.5 X1.715 Y-1.86 B-40.51749
G1 F126.6 X1.505 Y-1.372 B-40.52144
G1 F131 X1.357 Y-1.172 B-40.52322
G1 F136.4 X0.937 Y-.788 B-40.52715
G1 F142.2 X0.567 Y-.581 B-40.52995
G1 F143.9 X-.142 Y-.353 B-40.53482
G1 F146.3 X-.947 Y-.28 B-40.54002
G1 F135.4 X-1.628 Y-.277 B-40.54475
G1 F115.6 X-2.309 Y-.274 B-40.55029
G0 F120 X-2.308 Y-.274
G0 X-2.349 Y-0.08
G0 X-2.308 Y-.678
G1 F115.6 X-1.651 Y-.68 B-40.55563
G1 F135.7 X-.994 Y-.682 B-40.56018
G1 F146.3 X-.206 Y-.765 B-40.56528
G1 F145.6 X0.297 Y-.921 B-40.56868
G1 F144.2 X0.704 Y-1.146 B-40.57171
G1 F138.9 X0.942 Y-1.37 B-40.57392
G1 F133.3 X1.146 Y-1.687 B-40.57658
G1 F128.2 X1.306 Y-2.213 B-40.58062
G1 F125 X1.335 Y-2.61 B-40.58361
G1 F123.2 X1.273 Y-3.111 B-40.58746
G1 F122.4 X1.179 Y-3.384 B-40.58968
G1 F123.7 X0.979 Y-3.704 B-40.59255
G1 F127.7 X0.624 Y-4.003 B-40.59597
G1 F135.1 X0.093 Y-4.23 B-40.59999
G1 F141.5 X-.666 Y-4.355 B-40.6051
G1 F144.9 X-2.151 Y-4.362 B-40.61474
G1 F132.7 X-2.351 Y-4.301 B-40.61622
G1 F124 X-2.35 Y-.839 B-40.64249
G1 F116.3 X-2.308 Y-.678 B-40.64383
G0 F120 X-2.108 Y-.678
G1 F300 B-34.14383
G0 F120 X-2.628 Y-.678
G0 X-2.627 Y1.763
G0 X-3.722 Y1.763
G0 X-4.1 Y1.482
G0 X-6.143 Y2.287
G1 F300 B-40.64383
G1 F140.8 X-5.842 Y2.064 B-40.64633
G1 F136.4 X-5.629 Y1.796 B-40.6487
G1 F132.2 X-5.491 Y1.497 B-40.65104
G1 F128.2 X-5.427 Y1.141 B-40.65369
G1 F125.5 X-5.467 Y0.615 B-40.65765
G1 F125 X-5.548 Y0.378 B-40.65953
G1 F125.8 X-5.782 Y0.023 B-40.66271
G1 F127.1 X-5.995 Y-.156 B-40.66477
G1 F131.3 X-6.518 Y-.474 B-40.66915
G1 F132.2 X-7.884 Y-1.011 B-40.6796
G1 F130.4 X-8.547 Y-1.359 B-40.685
G1 F129.3 X-9.028 Y-1.771 B-40.6896
G1 F126.3 X-9.24 Y-2.09 B-40.69246
G1 F126.1 X-9.387 Y-2.488 B-40.69562
G1 F126.6 X-9.444 Y-3.093 B-40.70014
G1 F125.5 X-9.397 Y-3.486 B-40.7031
G1 F126.6 X-9.254 Y-3.87 B-40.70615
G1 F130.2 X-8.941 Y-4.276 B-40.70985
G1 F134.5 X-8.647 Y-4.503 B-40.71245
G1 F138.9 X-8.016 Y-4.771 B-40.71709
G1 F141.5 X-7.373 Y-4.887 B-40.72143
G1 F142.2 X-6.654 Y-4.859 B-40.72619
G1 F140.8 X-5.757 Y-4.705 B-40.73227
G1 F138.9 X-5.19 Y-4.513 B-40.73632
G1 X-5.336 Y-4.104 B-40.73927
G1 X-5.852 Y-4.284 B-40.74297
G1 F140.8 X-6.668 Y-4.435 B-40.74851
G1 F142.2 X-7.348 Y-4.464 B-40.75301
G1 F141.5 X-7.874 Y-4.372 B-40.75656
G1 F138.9 X-8.397 Y-4.141 B-40.76043
G1 F134.5 X-8.634 Y-3.942 B-40.76259
G1 F130.2 X-8.826 Y-3.676 B-40.76497
G1 F127.7 X-8.958 Y-3.251 B-40.76824
G1 F127.1 X-8.922 Y-2.581 B-40.77321
G1 F127.7 X-8.715 Y-2.133 B-40.77684
G1 F130.4 X-8.53 Y-1.93 B-40.77882
G1 F132.7 X-8.218 Y-1.692 B-40.78161
G1 F133 X-7.483 Y-1.333 B-40.78739
G1 F132.7 X-6.641 Y-1.012 B-40.79377
G1 F130.2 X-5.995 Y-.714 B-40.79891
G1 F126.3 X-5.486 Y-.363 B-40.80352
G1 F123.7 X-5.258 Y-0.092 B-40.80621
G1 F123.2 X-5.031 Y0.368 B-40.81013
G1 X-4.972 Y0.649 B-40.81232
G1 F124.7 X-4.953 Y1.16 B-40.81617
G1 F127.7 X-5.03 Y1.577 B-40.8193
G1 F129.3 X-5.147 Y1.873 B-40.82161
G1 F132.7 X-5.453 Y2.294 B-40.8253
G1 F137.3 X-5.695 Y2.501 B-40.82748
G1 F140.8 X-6.098 Y2.735 B-40.83059
G1 F144.2 X-6.539 Y2.887 B-40.83364
G1 F144.6 X-7.128 Y2.986 B-40.83752
G1 F143.9 X-7.573 Y3.004 B-40.84043
G1 F140.2 X-8.56 Y2.957 B-40.84706
G1 F136.4 X-9.262 Y2.803 B-40.85202
G1 X-9.573 Y2.691 B-40.8543
G1 F136.7 X-9.573 Y2.237 B-40.85742
G1 F137.6 X-8.975 Y2.427 B-40.86171
G1 F140.2 X-8.276 Y2.556 B-40.86648
G1 F143.9 X-7.756 Y2.59 B-40.86989
G1 F146.7 X-6.981 Y2.556 B-40.87486
G1 F147.1 X-6.584 Y2.473 B-40.87745
G1 F144.9 X-6.143 Y2.287 B-40.88056
G0 F120 X-5.983 Y2.169
G1 F300 B-34.38056
;MESH:NONMESH
G0 F600 X-5.983 Y2.169 Z0.9
G0 F120 X-5.352 Y1.763
G0 X-5.149 Y1.144
G0 X-4.056 Y1.122
G0 X-3.71 Y3.756
G0 X-1.465 Y3.756
G0 X3.09 Y1.144
G0 X9.183 Y-.696
;TIME_ELAPSED:1299.683191
;LAYER:6
;TYPE:WALL-OUTER
;MESH:Part Studio 1-2.stl
G1 F300 B-40.88056
G1 F116.1 X9.136 Y-.906 B-40.8823
G1 F106.4 X4.504 Y-.906 B-40.92325
G1 F116.1 X4.457 Y-.696 B-40.925
G1 F127.7 X4.457 Y2.865 B-40.95123
G1 X3.987 Y2.865 B-40.9547
G1 X3.987 Y-.696 B-40.98093
G1 F116.1 X4.034 Y-1.116 B-40.98436
G1 F115.6 X3.989 Y-1.455 B-40.98714
G1 F127.1 X3.987 Y-4.737 B-41.01142
G1 F127.7 X4.457 Y-4.737 B-41.01489
G1 F127.1 X4.458 Y-1.495 B-41.03887
G1 F115.6 X4.504 Y-1.326 B-41.0403
G1 F106.4 X9.136 Y-1.326 B-41.08125
G1 F115.8 X9.182 Y-1.495 B-41.08267
G1 F127.1 X9.183 Y-4.737 B-41.10666
G1 F127.7 X9.653 Y-4.737 B-41.11012
G1 F127.1 X9.652 Y-1.455 B-41.1344
G1 F115.8 X9.606 Y-1.116 B-41.13718
G1 F116.1 X9.653 Y-.696 B-41.14061
G1 F127.7 X9.653 Y2.865 B-41.16684
G1 X9.183 Y2.865 B-41.1703
G1 X9.183 Y-.696 B-41.19654
G0 F120 X9.14 Y-.891
G1 F300 B-34.69654
G0 F120 X9.409 Y-1.078
G0 X4.256 Y-1.137
G0 X4.185 Y-.274
G0 X3.09 Y-.274
G0 X-.198 Y0.525
G0 X-1.465 Y0.577
G0 X-2.308 Y-.274
G1 F300 B-41.19654
G1 F116.7 X-2.351 Y-0.072 B-41.1982
G1 F127.7 X-2.351 Y2.865 B-41.21984
G1 X-2.821 Y2.865 B-41.2233
G1 X-2.821 Y-0.072 B-41.24494
G1 F116.7 X-2.778 Y-.476 B-41.24822
G1 F116.3 X-2.819 Y-.799 B-41.25085
G1 F127.1 X-2.821 Y-4.16 B-41.27572
G1 F121.5 X-2.798 Y-4.714 B-41.28001
G1 F129.6 X-2.186 Y-4.768 B-41.28447
G1 F146.7 X-.868 Y-4.767 B-41.29292
G1 F143.5 X-0.078 Y-4.696 B-41.29812
G1 F137.9 X0.517 Y-4.546 B-41.3023
G1 F131 X1.074 Y-4.257 B-41.30681
G1 F124.5 X1.383 Y-3.973 B-41.30998
G1 F122 X1.659 Y-3.519 B-41.31408
G1 F121 X1.767 Y-3.138 B-41.31715
G1 F122 X1.819 Y-2.62 B-41.32117
G1 F124 X1.775 Y-2.094 B-41.32517
G1 F126.1 X1.647 Y-1.657 B-41.32857
G1 F130.2 X1.335 Y-1.142 B-41.33292
G1 F135.7 X1.108 Y-.919 B-41.33513
G1 F140.5 X0.782 Y-.692 B-41.33779
G1 F143.5 X0.344 Y-.495 B-41.34093
G1 F145.3 X-.337 Y-.336 B-41.34546
G1 F147.1 X-.966 Y-.279 B-41.3495
G1 F135.7 X-1.637 Y-.276 B-41.35415
G1 F115.6 X-2.308 Y-.274 B-41.35961
G0 F120 X-2.349 Y-0.079
G0 X-2.308 Y-.678
G1 F116.3 X-1.506 Y-.684 B-41.3661
G1 F137.6 X-.704 Y-.69 B-41.37158
G1 F150 X0.064 Y-.842 B-41.37649
G1 F145.6 X0.562 Y-1.05 B-41.37997
G1 F140.5 X0.833 Y-1.254 B-41.38224
G1 F135.7 X1.022 Y-1.47 B-41.38423
G1 F131 X1.237 Y-1.908 B-41.38773
G1 F126.8 X1.307 Y-2.21 B-41.39003
G1 F124.5 X1.326 Y-2.743 B-41.39406
G1 F123.5 X1.244 Y-3.207 B-41.39765
G1 X1.131 Y-3.473 B-41.39985
G1 F126.1 X0.86 Y-3.822 B-41.40315
G1 F131.6 X0.499 Y-4.07 B-41.40628
G1 F140.2 X0.03 Y-4.25 B-41.40965
G1 F146.3 X-.76 Y-4.355 B-41.41477
G1 F147.1 X-2.151 Y-4.362 B-41.42367
G1 F132.7 X-2.351 Y-4.301 B-41.42515
G1 F124 X-2.35 Y-.839 B-41.45142
G1 F116.3 X-2.308 Y-.678 B-41.45276
G0 F120 X-2.108 Y-.679
G1 F300 B-34.95276
G0 F120 X-2.628 Y-.679
G0 X-2.627 Y1.595
G0 X-3.722 Y1.595
G0 X-4.087 Y1.444
G0 X-6.055 Y2.238
G1 F300 B-41.45276
G1 F138.6 X-5.712 Y1.92 B-41.45594
G1 F132.7 X-5.497 Y1.524 B-41.45913
G1 F128.8 X-5.429 Y1.125 B-41.46209
G1 F127.1 X-5.469 Y0.604 B-41.46595
G1 F125.3 X-5.625 Y0.229 B-41.469
G1 F126.6 X-5.978 Y-.144 B-41.47282
G1 F132.2 X-6.544 Y-.487 B-41.47753
G1 F132.7 X-7.879 Y-1.01 B-41.48769
G1 F129.9 X-8.606 Y-1.392 B-41.49363
G1 F129.3 X-8.885 Y-1.62 B-41.49626
G1 F128.2 X-9.137 Y-1.916 B-41.49911
G1 F125.5 X-9.347 Y-2.357 B-41.50277
G1 F124.7 X-9.418 Y-2.662 B-41.50513
G1 F125.5 X-9.444 Y-3.08 B-41.50827
G1 F125.8 X-9.413 Y-3.414 B-41.51077
G1 F126.6 X-9.321 Y-3.723 B-41.51317
G1 F127.7 X-9.096 Y-4.102 B-41.51642
G1 F130.2 X-8.944 Y-4.274 B-41.51808
G1 F133.6 X-8.646 Y-4.501 B-41.52071
G1 F138.2 X-8.016 Y-4.771 B-41.52538
G1 F140.2 X-7.373 Y-4.881 B-41.52975
G1 X-6.654 Y-4.859 B-41.53458
G1 F140.8 X-5.757 Y-4.705 B-41.54066
G1 F138.9 X-5.19 Y-4.513 B-41.54471
G1 X-5.336 Y-4.104 B-41.54765
G1 X-5.852 Y-4.284 B-41.55135
G1 F140.8 X-6.668 Y-4.435 B-41.55689
G1 F142.2 X-7.451 Y-4.447 B-41.56207
G1 X-7.898 Y-4.364 B-41.56508
G1 F141.5 X-8.278 Y-4.208 B-41.56781
G1 F136.4 X-8.609 Y-3.972 B-41.57061
G1 F129.9 X-8.867 Y-3.588 B-41.57396
G1 F127.1 X-8.953 Y-3.288 B-41.57627
G1 F126.6 X-8.959 Y-2.797 B-41.57992
G1 F128.2 X-8.816 Y-2.294 B-41.58376
G1 F129.3 X-8.572 Y-1.963 B-41.58675
G1 F131.3 X-8.219 Y-1.694 B-41.58993
G1 F133.3 X-7.483 Y-1.333 B-41.59571
G1 F132.7 X-6.641 Y-1.013 B-41.60209
G1 F130.2 X-5.974 Y-.703 B-41.60741
G1 F125 X-5.473 Y-.333 B-41.61209
G1 F123 X-5.256 Y-0.087 B-41.6146
G1 F123.5 X-5.036 Y0.357 B-41.61838
G1 F124 X-4.95 Y0.958 B-41.62299
G1 F125.8 X-4.986 Y1.39 B-41.62623
G1 F128.2 X-5.057 Y1.671 B-41.62835
G1 F130.2 X-5.25 Y2.047 B-41.63141
G1 F133.3 X-5.527 Y2.363 B-41.63437
G1 F139.2 X-5.844 Y2.603 B-41.63706
G1 F142.9 X-6.54 Y2.885 B-41.642
G1 X-7.281 Y3.018 B-41.64696
G1 F138.9 X-8.56 Y2.957 B-41.65563
G1 F136.4 X-9.262 Y2.803 B-41.66059
G1 X-9.573 Y2.691 B-41.66287
G1 F136.7 X-9.573 Y2.237 B-41.66599
G1 F137.6 X-8.975 Y2.427 B-41.67028
G1 F140.2 X-8.276 Y2.556 B-41.67505
G1 F143.9 X-7.76 Y2.59 B-41.67843
G1 F147.1 X-7.031 Y2.577 B-41.68309
G1 X-6.354 Y2.393 B-41.68758
G1 F143.9 X-6.055 Y2.238 B-41.68978
G0 F120 X-5.909 Y2.103
G1 F300 B-35.18978
;MESH:NONMESH
G0 F600 X-5.909 Y2.103 Z1
G0 F120 X-5.276 Y1.595
G0 X-5.141 Y0.964
G0 X-4.052 Y1.061
G0 X-3.71 Y3.756
G0 X-1.465 Y3.756
G0 X3.09 Y0.964
G0 X9.183 Y-.696
;TIME_ELAPSED:1379.301364
;LAYER:7
;TYPE:WALL-OUTER
;MESH:Part Studio 1-2.stl
G1 F300 B-41.68978
G1 F116.1 X9.136 Y-.906 B-41.69152
G1 F106.4 X4.504 Y-.906 B-41.73247
G1 F116.1 X4.457 Y-.696 B-41.73422
G1 F127.7 X4.457 Y2.865 B-41.76045
G1 X3.987 Y2.865 B-41.76392
G1 X3.987 Y-.696 B-41.79015
G1 F116.1 X4.034 Y-1.116 B-41.79358
G1 F115.6 X3.989 Y-1.455 B-41.79636
G1 F127.1 X3.987 Y-4.737 B-41.82064
G1 F127.7 X4.457 Y-4.737 B-41.82411
G1 F127.1 X4.458 Y-1.495 B-41.84809
G1 F115.6 X4.504 Y-1.326 B-41.84952
G1 F106.4 X9.136 Y-1.326 B-41.89047
G1 F115.8 X9.182 Y-1.495 B-41.89189
G1 F127.1 X9.183 Y-4.737 B-41.91588
G1 F127.7 X9.653 Y-4.737 B-41.91934
G1 F127.1 X9.652 Y-1.455 B-41.94362
G1 F115.8 X9.606 Y-1.116 B-41.9464
G1 F116.1 X9.653 Y-.696 B-41.94983
G1 F127.7 X9.653 Y2.865 B-41.97606
G1 X9.183 Y2.865 B-41.97952
G1 X9.183 Y-.696 B-42.00576
G0 F120 X9.14 Y-.891
G1 F300 B-35.50576
G0 F120 X9.409 Y-1.078
G0 X4.256 Y-1.137
G0 X4.185 Y-.274
G0 X3.09 Y-.274
G0 X0.031 Y0.506
G0 X-1.465 Y0.577
G0 X-2.308 Y-.274
G1 F300 B-42.00576
G1 F116.7 X-2.351 Y-0.072 B-42.00742
G1 F127.7 X-2.351 Y2.865 B-42.02906
G1 X-2.821 Y2.865 B-42.03252
G1 X-2.821 Y-0.072 B-42.05416
G1 F116.7 X-2.778 Y-.476 B-42.05744
G1 F116.3 X-2.819 Y-.799 B-42.06007
G1 F127.1 X-2.821 Y-4.16 B-42.08494
G1 F121.5 X-2.798 Y-4.714 B-42.08923
G1 F129.6 X-2.186 Y-4.768 B-42.09369
G1 F145.6 X-.51 Y-4.767 B-42.10451
G1 F141.5 X0.219 Y-4.637 B-42.10944
G1 F133.9 X0.776 Y-4.435 B-42.1136
G1 F128.8 X1.074 Y-4.261 B-42.11612
G1 F124 X1.393 Y-3.956 B-42.11947
G1 F121 X1.615 Y-3.618 B-42.12261
G1 F122.2 X1.801 Y-2.941 B-42.12801
G1 F122.4 X1.818 Y-2.589 B-42.13072
G1 F123.2 X1.75 Y-1.993 B-42.1353
G1 F125.5 X1.683 Y-1.742 B-42.13725
G1 F128.8 X1.526 Y-1.412 B-42.13992
G1 F131 X1.354 Y-1.172 B-42.14204
G1 F135.4 X0.936 Y-.789 B-42.14597
G1 F141.5 X0.57 Y-.582 B-42.14877
G1 F142.9 X-.142 Y-.355 B-42.15369
G1 F145.6 X-.947 Y-.28 B-42.15891
G1 F135.4 X-1.628 Y-.277 B-42.16364
G1 F115.6 X-2.309 Y-.274 B-42.16918
G0 F120 X-2.308 Y-.274
G0 X-2.349 Y-0.08
G0 X-2.308 Y-.678
G1 F124.7 X-.997 Y-.682 B-42.17906
G1 F146.7 X-.139 Y-.783 B-42.1846
G1 F146.3 X0.29 Y-.918 B-42.18749
G1 F144.9 X0.596 Y-1.072 B-42.18972
G1 F140.8 X0.865 Y-1.291 B-42.19203
G1 F134.5 X1.129 Y-1.643 B-42.19511
G1 F129 X1.232 Y-1.886 B-42.19703
G1 F126.8 X1.325 Y-2.408 B-42.20096
G1 F124.5 X1.315 Y-2.884 B-42.20456
G1 F122.2 X1.172 Y-3.401 B-42.20869
G1 F124.7 X0.798 Y-3.881 B-42.21328
G1 F132.7 X0.329 Y-4.147 B-42.2171
G1 F140.8 X-.131 Y-4.284 B-42.2203
G1 F144.9 X-.748 Y-4.357 B-42.22433
G1 F146.3 X-2.151 Y-4.362 B-42.23335
G1 F132.7 X-2.351 Y-4.301 B-42.23483
G1 F124 X-2.35 Y-.839 B-42.2611
G1 F116.3 X-2.308 Y-.678 B-42.26245
G0 F120 X-2.108 Y-.678
G1 F300 B-35.76245
G0 F120 X-2.628 Y-.678
G0 X-2.627 Y1.754
G0 X-3.722 Y1.754
G0 X-4.104 Y1.552
G0 X-6.472 Y2.436
G1 F300 B-42.26245
G1 F144.6 X-5.935 Y2.154 B-42.26639
G1 F137.6 X-5.601 Y1.761 B-42.26992
G1 F130.4 X-5.456 Y1.362 B-42.27298
G1 F127.7 X-5.424 Y1.051 B-42.27528
G1 F126.1 X-5.471 Y0.588 B-42.27875
G1 F125 X-5.65 Y0.184 B-42.28208
G1 F127.1 X-5.997 Y-.157 B-42.28568
G1 F132.2 X-6.544 Y-.487 B-42.29022
G1 F132.7 X-7.886 Y-1.009 B-42.30043
G1 F129.9 X-8.618 Y-1.402 B-42.30644
G1 F129 X-8.931 Y-1.662 B-42.30941
G1 F126.6 X-9.133 Y-1.912 B-42.3118
G1 F125 X-9.349 Y-2.356 B-42.31551
G1 F124.5 X-9.415 Y-2.662 B-42.31788
G1 X-9.444 Y-3.163 B-42.32167
G1 F125.5 X-9.351 Y-3.651 B-42.32539
G1 F127.7 X-9.088 Y-4.118 B-42.32934
G1 F131.6 X-8.747 Y-4.43 B-42.33264
G1 F135.7 X-8.485 Y-4.595 B-42.33479
G1 F139.9 X-8.024 Y-4.771 B-42.33811
G1 F139.5 X-7.366 Y-4.881 B-42.3426
G1 X-6.552 Y-4.848 B-42.3481
G1 F140.2 X-5.759 Y-4.706 B-42.3535
G1 F138.9 X-5.19 Y-4.513 B-42.35757
G1 X-5.336 Y-4.104 B-42.36051
G1 X-5.855 Y-4.284 B-42.36423
G1 F140.5 X-6.668 Y-4.435 B-42.36976
G1 F142.5 X-7.496 Y-4.445 B-42.37523
G1 F142.2 X-7.897 Y-4.367 B-42.37793
G1 F139.9 X-8.294 Y-4.204 B-42.38082
G1 F133.6 X-8.704 Y-3.863 B-42.38457
G1 F127.7 X-8.909 Y-3.472 B-42.38782
G1 F126.6 X-8.971 Y-2.999 B-42.39137
G1 F127.4 X-8.877 Y-2.436 B-42.39558
G1 F127.7 X-8.587 Y-1.978 B-42.39958
G1 F131 X-8.197 Y-1.682 B-42.40309
G1 F133.9 X-7.56 Y-1.36 B-42.4081
G1 F133.3 X-6.641 Y-1.013 B-42.41503
G1 F132.2 X-6.177 Y-.802 B-42.41866
G1 F129.3 X-5.641 Y-.475 B-42.42323
G1 F125.8 X-5.248 Y-0.083 B-42.42738
G1 F124 X-5.055 Y0.301 B-42.43064
G1 F123.5 X-4.97 Y0.653 B-42.4334
G1 F125 X-4.95 Y1.083 B-42.43664
G1 F127.7 X-5.001 Y1.465 B-42.43948
G1 F130.4 X-5.205 Y1.98 B-42.44347
G1 F133.9 X-5.523 Y2.359 B-42.44694
G1 F137 X-5.873 Y2.616 B-42.44993
G1 F140.5 X-6.189 Y2.768 B-42.45227
G1 F141.5 X-6.798 Y2.949 B-42.4565
G1 F142.5 X-7.587 Y3.004 B-42.46171
G1 F143.5 X-8.304 Y2.974 B-42.46642
G1 F139.5 X-9.174 Y2.829 B-42.47236
G1 F137 X-9.574 Y2.689 B-42.47527
G1 F137.3 X-9.574 Y2.235 B-42.47838
G1 F137.6 X-8.975 Y2.427 B-42.48268
G1 F140.5 X-8.276 Y2.555 B-42.48744
G1 F144.6 X-7.78 Y2.589 B-42.49067
G1 F146.3 X-7.124 Y2.572 B-42.49489
G1 X-6.472 Y2.436 B-42.49917
G0 F120 X-6.296 Y2.344
G1 F300 B-35.99917
;MESH:NONMESH
G0 F600 X-6.296 Y2.344 Z1.1
G0 F120 X-5.352 Y1.754
G0 X-5.144 Y1.086
G0 X-4.051 Y1.048
G0 X-3.722 Y1.086
G0 X-2.308 Y-.678
;TIME_ELAPSED:1452.395947
;LAYER:8
;TYPE:WALL-OUTER
;MESH:Part Studio 1-2.stl
G1 F300 B-42.49917
G1 F115.6 X-1.651 Y-.68 B-42.50451
G1 F135.7 X-.994 Y-.682 B-42.50907
G1 F146.3 X-.225 Y-.762 B-42.51404
G1 F144.9 X0.315 Y-.924 B-42.51769
G1 F143.9 X0.593 Y-1.069 B-42.51974
G1 F139.5 X0.88 Y-1.302 B-42.52224
G1 F134.5 X1.113 Y-1.621 B-42.525
G1 F129.3 X1.247 Y-1.945 B-42.52755
G1 F125.8 X1.328 Y-2.55 B-42.53211
G1 F124.2 X1.302 Y-2.95 B-42.53515
G1 F123.5 X1.12 Y-3.507 B-42.53961
G1 F125 X0.874 Y-3.812 B-42.54256
G1 F131 X0.416 Y-4.119 B-42.54652
G1 F137.6 X0.085 Y-4.233 B-42.54891
G1 F141.5 X-.678 Y-4.356 B-42.55405
G1 F144.9 X-2.151 Y-4.362 B-42.56361
G1 F132.7 X-2.351 Y-4.301 B-42.56509
G1 F124 X-2.35 Y-.839 B-42.59135
G1 F116.3 X-2.308 Y-.678 B-42.5927
G0 F120 X-2.108 Y-.678
G0 X-2.308 Y-.274
G1 F116.7 X-2.351 Y-0.072 B-42.59436
G1 F127.7 X-2.351 Y2.865 B-42.616
G1 X-2.821 Y2.865 B-42.61946
G1 X-2.821 Y-0.072 B-42.6411
G1 F116.7 X-2.778 Y-.476 B-42.64438
G1 F116.3 X-2.819 Y-.799 B-42.64701
G1 F127.1 X-2.821 Y-4.16 B-42.67188
G1 F121.5 X-2.798 Y-4.714 B-42.67617
G1 F129.6 X-2.186 Y-4.768 B-42.68063
G1 F144.9 X-.517 Y-4.766 B-42.69146
G1 F140.8 X0.266 Y-4.629 B-42.69677
G1 F137 X0.603 Y-4.52 B-42.6992
G1 F131 X0.956 Y-4.338 B-42.70205
G1 F125.5 X1.292 Y-4.071 B-42.70527
G1 F123 X1.504 Y-3.818 B-42.70779
G1 F121 X1.652 Y-3.527 B-42.71033
G1 X1.799 Y-2.934 B-42.71508
G1 F122 X1.802 Y-2.321 B-42.71981
G1 F123.2 X1.734 Y-1.921 B-42.72291
G1 F126.3 X1.599 Y-1.545 B-42.72588
G1 F130.2 X1.345 Y-1.159 B-42.72922
G1 F134.8 X1.121 Y-.929 B-42.73146
G1 F139.5 X0.859 Y-.739 B-42.73364
G1 F143.2 X0.495 Y-.553 B-42.73633
G1 F144.9 X-.148 Y-.353 B-42.7407
G1 F146.3 X-.948 Y-.28 B-42.74586
G1 F135.4 X-1.628 Y-.277 B-42.75058
G1 F115.6 X-2.308 Y-.274 B-42.75611
G0 F120 X-2.349 Y-0.079
G1 F300 B-36.25611
G0 F120 X-2.628 Y-0.079
G0 X-2.548 Y-.696
G0 X4.185 Y-.696
G0 X9.183 Y-.696
G1 F300 B-42.75611
G1 F116.1 X9.136 Y-.906 B-42.75786
G1 F106.4 X4.504 Y-.906 B-42.79881
G1 F116.1 X4.457 Y-.696 B-42.80055
G1 F127.7 X4.457 Y2.865 B-42.82679
G1 X3.987 Y2.865 B-42.83025
G1 X3.987 Y-.696 B-42.85649
G1 F116.1 X4.034 Y-1.116 B-42.85991
G1 F115.6 X3.989 Y-1.455 B-42.86269
G1 F127.1 X3.987 Y-4.737 B-42.88698
G1 F127.7 X4.457 Y-4.737 B-42.89044
G1 F127.1 X4.458 Y-1.495 B-42.91443
G1 F115.6 X4.504 Y-1.326 B-42.91585
G1 F106.4 X9.136 Y-1.326 B-42.9568
G1 F115.8 X9.182 Y-1.495 B-42.95822
G1 F127.1 X9.183 Y-4.737 B-42.98221
G1 F127.7 X9.653 Y-4.737 B-42.98567
G1 F127.1 X9.652 Y-1.455 B-43.00996
G1 F115.8 X9.606 Y-1.116 B-43.01274
G1 F116.1 X9.653 Y-.696 B-43.01616
G1 F127.7 X9.653 Y2.865 B-43.0424
G1 X9.183 Y2.865 B-43.04586
G1 X9.183 Y-.696 B-43.07209
G0 F120 X9.14 Y-.891
G1 F300 B-36.57209
G0 F120 X9.409 Y-1.078
G0 X4.256 Y-1.137
G0 X4.185 Y1.636
G0 X3.09 Y1.636
G0 X-1.465 Y3.756
G0 X-3.71 Y3.756
G0 X-4.06 Y1.229
G0 X-6.275 Y2.359
G1 F300 B-43.07209
G1 F142.5 X-5.852 Y2.07 B-43.07547
G1 F137.6 X-5.643 Y1.83 B-43.07765
G1 F132.2 X-5.509 Y1.55 B-43.07986
G1 F128.8 X-5.428 Y1.125 B-43.08302
G1 F125.8 X-5.451 Y0.684 B-43.08632
G1 F124.5 X-5.634 Y0.207 B-43.09018
G1 F126.1 X-5.974 Y-.142 B-43.09382
G1 F131.6 X-6.544 Y-.487 B-43.09858
G1 F134.5 X-7.891 Y-1.007 B-43.10867
G1 F132.2 X-8.299 Y-1.21 B-43.11192
G1 F129.9 X-8.752 Y-1.503 B-43.11582
G1 F128.2 X-9.022 Y-1.767 B-43.11859
G1 F126.6 X-9.243 Y-2.089 B-43.1215
G1 F125.8 X-9.385 Y-2.491 B-43.12468
G1 F125.5 X-9.442 Y-2.862 B-43.1275
G1 F126.6 X-9.428 Y-3.329 B-43.13097
G1 F126.1 X-9.365 Y-3.594 B-43.133
G1 F127.4 X-9.143 Y-4.047 B-43.13673
G1 F130.4 X-8.946 Y-4.27 B-43.13887
G1 F133.9 X-8.647 Y-4.503 B-43.14153
G1 F138.2 X-8.015 Y-4.769 B-43.1462
G1 F140.8 X-7.539 Y-4.856 B-43.14943
G1 F141.5 X-6.895 Y-4.871 B-43.15371
G1 F139.9 X-6.337 Y-4.817 B-43.15748
G1 F137.6 X-5.541 Y-4.644 B-43.16305
G1 F137 X-5.191 Y-4.517 B-43.1656
G1 X-5.337 Y-4.107 B-43.16859
G1 F138.2 X-5.824 Y-4.274 B-43.17209
G1 F140.8 X-6.635 Y-4.436 B-43.17762
G1 F142.9 X-7.342 Y-4.451 B-43.18227
G1 F143.9 X-7.733 Y-4.402 B-43.18485
G1 F143.2 X-8.212 Y-4.241 B-43.18817
G1 F139.5 X-8.415 Y-4.13 B-43.18973
G1 F134.2 X-8.678 Y-3.892 B-43.19221
G1 F131 X-8.845 Y-3.63 B-43.19444
G1 F128.8 X-8.958 Y-3.264 B-43.19724
G1 F127.1 X-8.962 Y-2.826 B-43.20048
G1 F127.7 X-8.873 Y-2.429 B-43.20348
G1 F127.9 X-8.725 Y-2.149 B-43.20581
G1 F128.8 X-8.445 Y-1.849 B-43.20881
G1 F132.2 X-7.812 Y-1.459 B-43.2141
G1 F133.9 X-6.641 Y-1.013 B-43.2229
G1 F132.5 X-6.177 Y-.802 B-43.22652
G1 F129.9 X-5.648 Y-.479 B-43.231
G1 F125.8 X-5.249 Y-0.086 B-43.23519
G1 F123.5 X-5.056 Y0.301 B-43.23849
G1 X-4.969 Y0.653 B-43.24125
G1 F125 X-4.951 Y1.076 B-43.24443
G1 F126.6 X-5 Y1.459 B-43.2473
G1 F128.5 X-5.077 Y1.715 B-43.24926
G1 F131.9 X-5.276 Y2.089 B-43.25228
G1 F135.7 X-5.699 Y2.503 B-43.25638
G1 F140.8 X-6.097 Y2.736 B-43.25946
G1 F144.6 X-6.539 Y2.888 B-43.2625
G1 F144.9 X-7.128 Y2.986 B-43.26638
G1 F143.5 X-7.572 Y3.002 B-43.26929
G1 F139.5 X-8.595 Y2.949 B-43.27619
G1 F136.4 X-9.296 Y2.792 B-43.28115
G1 X-9.573 Y2.688 B-43.28319
G1 F136.7 X-9.573 Y2.236 B-43.2863
G1 F137.6 X-8.955 Y2.431 B-43.29073
G1 F140.5 X-8.275 Y2.552 B-43.29535
G1 F144.2 X-7.289 Y2.587 B-43.30179
G1 F146 X-6.619 Y2.485 B-43.30615
G1 F144.6 X-6.275 Y2.359 B-43.30854
G0 F120 X-6.11 Y2.247
G1 F300 B-36.80854
;MESH:NONMESH
G0 F600 X-6.11 Y2.247 Z1.2
G0 F120 X-5.295 Y1.636
G0 X-5.143 Y1.08
G0 X-4.05 Y1.038
G0 X-3.71 Y3.756
G0 X-1.465 Y3.756
G0 X3.09 Y1.08
G0 X9.183 Y-.696
;TIME_ELAPSED:1539.311065
;LAYER:9
;TYPE:WALL-OUTER
;MESH:Part Studio 1-2.stl
G1 F300 B-43.30854
G1 F116.1 X9.136 Y-.906 B-43.31028
G1 F106.4 X4.504 Y-.906 B-43.35123
G1 F116.1 X4.457 Y-.696 B-43.35297
G1 F127.7 X4.457 Y2.865 B-43.37921
G1 X3.987 Y2.865 B-43.38267
G1 X3.987 Y-.696 B-43.40891
G1 F116.1 X4.034 Y-1.116 B-43.41233
G1 F115.6 X3.989 Y-1.455 B-43.41512
G1 F127.1 X3.987 Y-4.737 B-43.4394
G1 F127.7 X4.457 Y-4.737 B-43.44286
G1 F127.1 X4.458 Y-1.495 B-43.46685
G1 F115.6 X4.504 Y-1.326 B-43.46827
G1 F106.4 X9.136 Y-1.326 B-43.50922
G1 F115.8 X9.182 Y-1.495 B-43.51065
G1 F127.1 X9.183 Y-4.737 B-43.53463
G1 F127.7 X9.653 Y-4.737 B-43.5381
G1 F127.1 X9.652 Y-1.455 B-43.56238
G1 F115.8 X9.606 Y-1.116 B-43.56516
G1 F116.1 X9.653 Y-.696 B-43.56858
G1 F127.7 X9.653 Y2.865 B-43.59482
G1 X9.183 Y2.865 B-43.59828
G1 X9.183 Y-.696 B-43.62452
G0 F120 X9.14 Y-.891
G1 F300 B-37.12452
G0 F120 X9.409 Y-1.078
G0 X4.256 Y-1.137
G0 X4.185 Y-.274
G0 X3.09 Y-.274
G0 X0.031 Y0.506
G0 X-1.465 Y0.577
G0 X-2.308 Y-.274
G1 F300 B-43.62452
G1 F116.7 X-2.351 Y-0.072 B-43.62618
G1 F127.7 X-2.351 Y2.865 B-43.64782
G1 X-2.821 Y2.865 B-43.65128
G1 X-2.821 Y-0.072 B-43.67292
G1 F116.7 X-2.778 Y-.476 B-43.67619
G1 F116.3 X-2.819 Y-.799 B-43.67883
G1 F127.1 X-2.821 Y-4.16 B-43.70369
G1 F121.5 X-2.798 Y-4.714 B-43.70799
G1 F129.6 X-2.186 Y-4.766 B-43.71245
G1 F146.7 X-.72 Y-4.763 B-43.72184
G1 F143.5 X-.226 Y-4.716 B-43.7251
G1 F137 X0.392 Y-4.596 B-43.72942
G1 F132.7 X1.007 Y-4.331 B-43.73416
G1 F126.6 X1.441 Y-3.907 B-43.73867
G1 F122 X1.594 Y-3.658 B-43.74093
G1 F121.5 X1.769 Y-3.13 B-43.74523
G1 X1.815 Y-2.586 B-43.74946
G1 F122 X1.793 Y-2.228 B-43.75223
G1 F124 X1.71 Y-1.835 B-43.75527
G1 F127.1 X1.563 Y-1.471 B-43.75818
G1 F132.7 X1.242 Y-1.04 B-43.76199
G1 F137.6 X0.939 Y-.793 B-43.76466
G1 F140.8 X0.604 Y-.601 B-43.76724
G1 F143.9 X-.142 Y-.354 B-43.77237
G1 F146.3 X-.939 Y-.28 B-43.77752
G1 F135.7 X-1.624 Y-.277 B-43.78226
G1 F115.8 X-2.309 Y-.274 B-43.78783
G0 F120 X-2.308 Y-.274
G0 X-2.349 Y-0.08
G0 X-2.308 Y-.678
G1 F115.8 X-1.631 Y-.681 B-43.79332
G1 F135.7 X-.954 Y-.683 B-43.79801
G1 F146.3 X-.222 Y-.763 B-43.80275
G1 X0.12 Y-.856 B-43.80502
G1 X0.531 Y-1.032 B-43.8079
G1 F140.2 X0.91 Y-1.329 B-43.81113
G1 F132.7 X1.147 Y-1.677 B-43.81411
G1 F127.1 X1.3 Y-2.174 B-43.81796
G1 F125 X1.316 Y-2.87 B-43.8232
G1 F124.5 X1.211 Y-3.297 B-43.82652
G1 F123.5 X1.05 Y-3.614 B-43.82923
G1 F125.5 X0.821 Y-3.863 B-43.83176
G1 F129.9 X0.614 Y-4.014 B-43.83362
G1 F135.7 X0.093 Y-4.229 B-43.83752
G1 F142.9 X-.745 Y-4.355 B-43.8431
G1 F146.3 X-2.151 Y-4.362 B-43.85214
G1 F132.7 X-2.351 Y-4.301 B-43.85362
G1 F124 X-2.35 Y-.839 B-43.87989
G1 F116.3 X-2.308 Y-.678 B-43.88123
G0 F120 X-2.108 Y-.678
G1 F300 B-37.38123
G0 F120 X-2.628 Y-.678
G0 X-2.627 Y1.664
G0 X-3.722 Y1.664
G0 X-4.098 Y1.497
G0 X-6.243 Y2.341
G1 F300 B-43.88123
G1 F141.5 X-5.843 Y2.064 B-43.88447
G1 F136.1 X-5.643 Y1.827 B-43.88661
G1 F131.6 X-5.508 Y1.55 B-43.88881
G1 F129.3 X-5.434 Y1.181 B-43.89155
G1 F128.8 X-5.448 Y0.724 B-43.89489
G1 F126.1 X-5.571 Y0.324 B-43.89801
G1 F125.3 X-5.863 Y-0.049 B-43.90157
G1 F128.2 X-6.265 Y-.33 B-43.90517
G1 F131.3 X-6.826 Y-.6 B-43.90963
G1 F132.2 X-7.787 Y-.971 B-43.91696
G1 F131.3 X-8.306 Y-1.217 B-43.92107
G1 F129.9 X-8.825 Y-1.565 B-43.9256
G1 F127.9 X-9.029 Y-1.773 B-43.92774
G1 F126.1 X-9.241 Y-2.09 B-43.93058
G1 F125 X-9.386 Y-2.491 B-43.93379
G1 X-9.44 Y-2.863 B-43.93662
G1 F125.5 X-9.431 Y-3.316 B-43.94002
G1 F126.6 X-9.35 Y-3.655 B-43.94261
G1 F128.2 X-9.15 Y-4.038 B-43.94578
G1 F130.2 X-8.874 Y-4.33 B-43.94868
G1 F133.9 X-8.641 Y-4.505 B-43.95073
G1 F138.2 X-8.227 Y-4.705 B-43.95385
G1 F140.2 X-7.8 Y-4.816 B-43.95681
G1 X-7.077 Y-4.872 B-43.96168
G1 F138.2 X-6.168 Y-4.791 B-43.96789
G1 F137.9 X-5.77 Y-4.709 B-43.97066
G1 F138.9 X-5.19 Y-4.514 B-43.9748
G1 X-5.336 Y-4.104 B-43.97775
G1 X-5.855 Y-4.285 B-43.98147
G1 F141.5 X-6.669 Y-4.432 B-43.98697
G1 F144.9 X-7.569 Y-4.429 B-43.99281
G1 F142.2 X-8.099 Y-4.296 B-43.99642
G1 F138.2 X-8.39 Y-4.148 B-43.99865
G1 F132.7 X-8.755 Y-3.795 B-44.00224
G1 F128.5 X-8.896 Y-3.521 B-44.0045
G1 F127.1 X-8.963 Y-3.233 B-44.00669
G1 F126.6 X-8.938 Y-2.662 B-44.01093
G1 F127.7 X-8.749 Y-2.181 B-44.01474
G1 F128.8 X-8.507 Y-1.903 B-44.01743
G1 F131 X-8.192 Y-1.672 B-44.02024
G1 F133.3 X-7.467 Y-1.325 B-44.02591
G1 F131.6 X-6.48 Y-.948 B-44.03346
G1 F128.2 X-5.839 Y-.622 B-44.03874
G1 F125.3 X-5.459 Y-.318 B-44.04239
G1 F123.5 X-5.186 Y0.021 B-44.04571
G1 F123 X-5.036 Y0.355 B-44.04851
G1 F124.5 X-4.949 Y0.971 B-44.05321
G1 F126.3 X-5 Y1.452 B-44.05681
G1 F128.5 X-5.082 Y1.735 B-44.05897
G1 F131.6 X-5.276 Y2.085 B-44.06183
G1 F134.5 X-5.457 Y2.298 B-44.06378
G1 F137 X-5.789 Y2.562 B-44.06669
G1 F141.2 X-6.123 Y2.743 B-44.06922
G1 F143.5 X-6.587 Y2.901 B-44.07243
G1 F143.2 X-7.302 Y3.013 B-44.07719
G1 F142.5 X-8.292 Y2.973 B-44.08373
G1 F139.5 X-8.823 Y2.904 B-44.08734
G1 F137 X-9.573 Y2.691 B-44.09269
G1 F136.7 X-9.573 Y2.237 B-44.09581
G1 F137.3 X-8.975 Y2.427 B-44.10011
G1 F140.2 X-8.258 Y2.554 B-44.105
G1 F142.5 X-7.323 Y2.594 B-44.11117
G1 F144.9 X-6.761 Y2.517 B-44.11485
G1 F145.6 X-6.243 Y2.341 B-44.11839
G0 F120 X-6.079 Y2.228
G1 F300 B-37.61839
;MESH:NONMESH
G0 F600 X-6.079 Y2.228 Z1.3
G0 F120 X-5.308 Y1.664
G0 X-5.14 Y0.963
G0 X-4.05 Y0.899
G0 X-3.71 Y3.756
G0 X-1.465 Y3.756
G0 X3.09 Y0.963
G0 X9.183 Y-.696
;TIME_ELAPSED:1619.293567
;LAYER:10
;TYPE:WALL-OUTER
;MESH:Part Studio 1-2.stl
G1 F300 B-44.11839
G1 F116.1 X9.136 Y-.906 B-44.12013
G1 F106.4 X4.504 Y-.906 B-44.16108
G1 F116.1 X4.457 Y-.696 B-44.16283
G1 F127.7 X4.457 Y2.865 B-44.18906
G1 X3.987 Y2.865 B-44.19252
G1 X3.987 Y-.696 B-44.21876
G1 F116.1 X4.034 Y-1.116 B-44.22219
G1 F115.6 X3.989 Y-1.455 B-44.22497
G1 F127.1 X3.987 Y-4.737 B-44.24925
G1 F127.7 X4.457 Y-4.737 B-44.25271
G1 F127.1 X4.458 Y-1.495 B-44.2767
G1 F115.6 X4.504 Y-1.326 B-44.27813
G1 F106.4 X9.136 Y-1.326 B-44.31908
G1 F115.8 X9.182 Y-1.495 B-44.3205
G1 F127.1 X9.183 Y-4.737 B-44.34449
G1 F127.7 X9.653 Y-4.737 B-44.34795
G1 F127.1 X9.652 Y-1.455 B-44.37223
G1 F115.8 X9.606 Y-1.116 B-44.37501
G1 F116.1 X9.653 Y-.696 B-44.37843
G1 F127.7 X9.653 Y2.865 B-44.40467
G1 X9.183 Y2.865 B-44.40813
G1 X9.183 Y-.696 B-44.43437
G0 F120 X9.14 Y-.891
G1 F300 B-37.93437
G0 F120 X9.409 Y-1.078
G0 X4.256 Y-1.137
G0 X4.185 Y-.274
G0 X3.09 Y-.274
G0 X-.198 Y0.525
G0 X-1.465 Y0.577
G0 X-2.308 Y-.274
G1 F300 B-44.43437
G1 F116.7 X-2.351 Y-0.072 B-44.43603
G1 F127.7 X-2.351 Y2.865 B-44.45767
G1 X-2.821 Y2.865 B-44.46113
G1 X-2.821 Y-0.072 B-44.48277
G1 F116.7 X-2.778 Y-.476 B-44.48604
G1 F116.3 X-2.819 Y-.799 B-44.48868
G1 F127.1 X-2.821 Y-4.16 B-44.51355
G1 F121.5 X-2.798 Y-4.714 B-44.51784
G1 F129.6 X-2.186 Y-4.766 B-44.5223
G1 F146.3 X-.724 Y-4.763 B-44.53169
G1 F144.9 X-0.056 Y-4.697 B-44.53605
G1 F137.6 X0.6 Y-4.513 B-44.54071
G1 F130.4 X0.947 Y-4.345 B-44.54349
G1 F126.1 X1.206 Y-4.154 B-44.54589
G1 F122.4 X1.567 Y-3.71 B-44.55028
G1 F121.5 X1.771 Y-3.135 B-44.55501
G1 F121 X1.816 Y-2.603 B-44.55916
G1 F122.4 X1.758 Y-2.025 B-44.56362
G1 F126.1 X1.553 Y-1.465 B-44.56807
G1 F131.6 X1.233 Y-1.038 B-44.57188
G1 F138.2 X0.945 Y-.796 B-44.57444
G1 F143.2 X0.385 Y-.512 B-44.57857
G1 F146.3 X-.337 Y-.334 B-44.58335
G1 F147.8 X-.964 Y-.279 B-44.58735
G1 F135.7 X-1.636 Y-.276 B-44.59201
G1 F115.6 X-2.308 Y-.274 B-44.59748
G0 F120 X-2.349 Y-0.079
G0 X-2.308 Y-.678
G1 F115.6 X-1.634 Y-.68 B-44.60296
G1 F135.7 X-.96 Y-.683 B-44.60763
G1 F147.8 X-.388 Y-.737 B-44.61128
G1 X0.133 Y-.86 B-44.61469
G1 F144.6 X0.704 Y-1.146 B-44.61885
G1 F139.5 X1.001 Y-1.444 B-44.62168
G1 F133.3 X1.242 Y-1.931 B-44.62552
G1 F127.1 X1.328 Y-2.458 B-44.62947
G1 F123.5 X1.271 Y-3.12 B-44.63453
G1 F122.4 X1.109 Y-3.519 B-44.63784
G1 F126.1 X0.749 Y-3.92 B-44.64186
G1 F134.2 X0.266 Y-4.172 B-44.64567
G1 F141.5 X-.135 Y-4.286 B-44.64844
G1 F144.9 X-.748 Y-4.356 B-44.65245
G1 F146.3 X-2.151 Y-4.362 B-44.66147
G1 F132.7 X-2.351 Y-4.301 B-44.66295
G1 F124 X-2.35 Y-.839 B-44.68921
G1 F116.3 X-2.308 Y-.678 B-44.69056
G0 F120 X-2.108 Y-.678
G1 F300 B-38.19056
G0 F120 X-2.628 Y-.678
G0 X-2.627 Y1.383
G0 X-3.722 Y1.383
G0 X-4.076 Y1.3
G0 X-6.114 Y2.27
G1 F300 B-44.69056
G1 F142.2 X-5.793 Y2.016 B-44.69327
G1 F134.8 X-5.566 Y1.691 B-44.69603
G1 F129.9 X-5.445 Y1.303 B-44.69898
G1 F127.1 X-5.427 Y0.861 B-44.70225
G1 F125.8 X-5.513 Y0.442 B-44.70545
G1 F124.7 X-5.651 Y0.181 B-44.70767
G1 F125.8 X-6.006 Y-.17 B-44.71141
G1 F130.4 X-6.556 Y-.493 B-44.716
G1 F132.2 X-7.908 Y-1.022 B-44.72634
G1 F130.4 X-8.567 Y-1.374 B-44.73172
G1 F129.6 X-8.882 Y-1.616 B-44.73461
G1 F127.4 X-9.105 Y-1.872 B-44.73711
G1 F126.1 X-9.297 Y-2.212 B-44.74003
G1 X-9.387 Y-2.491 B-44.74221
G1 F125.5 X-9.44 Y-2.863 B-44.74503
G1 X-9.431 Y-3.319 B-44.74845
G1 X-9.367 Y-3.586 B-44.7505
G1 F126.8 X-9.151 Y-4.039 B-44.75423
G1 F132.2 X-8.698 Y-4.466 B-44.75866
G1 F137 X-8.228 Y-4.7 B-44.76226
G1 F140.2 X-7.798 Y-4.819 B-44.76525
G1 F142.2 X-7.202 Y-4.877 B-44.76922
G1 F140.8 X-6.603 Y-4.849 B-44.77322
G1 F138.9 X-5.723 Y-4.697 B-44.77927
G1 F138.2 X-5.189 Y-4.511 B-44.78311
G1 F138.6 X-5.336 Y-4.103 B-44.78606
G1 X-5.82 Y-4.273 B-44.78954
G1 F140.8 X-6.268 Y-4.373 B-44.7926
G1 F143.2 X-7.102 Y-4.457 B-44.79811
G1 F144.2 X-7.536 Y-4.434 B-44.80094
G1 F143.9 X-7.923 Y-4.356 B-44.80352
G1 F140.8 X-8.371 Y-4.156 B-44.8068
G1 F135.7 X-8.606 Y-3.972 B-44.80887
G1 F131 X-8.774 Y-3.767 B-44.81077
G1 F127.7 X-8.96 Y-3.259 B-44.81476
G1 F126.6 X-8.942 Y-2.669 B-44.81914
G1 F127.1 X-8.837 Y-2.337 B-44.82172
G1 F128.2 X-8.562 Y-1.955 B-44.82517
G1 F131 X-8.21 Y-1.689 B-44.82834
G1 F133.3 X-7.483 Y-1.334 B-44.83405
G1 F133 X-6.473 Y-.948 B-44.84169
G1 F129.9 X-5.781 Y-.592 B-44.84733
G1 F125.5 X-5.247 Y-0.086 B-44.85284
G1 F124.5 X-5.051 Y0.306 B-44.85615
G1 F125.5 X-4.951 Y0.823 B-44.8601
G1 F127.1 X-4.98 Y1.356 B-44.86405
G1 F129.9 X-5.14 Y1.863 B-44.8679
G1 F132.2 X-5.358 Y2.19 B-44.87069
G1 F136.4 X-5.692 Y2.498 B-44.87383
G1 F140.5 X-6.207 Y2.778 B-44.87775
G1 F142.9 X-6.796 Y2.941 B-44.88177
G1 F142.2 X-7.715 Y3.015 B-44.88787
G1 F138.6 X-8.599 Y2.949 B-44.89389
G1 F136.4 X-9.281 Y2.796 B-44.89871
G1 F136.7 X-9.573 Y2.688 B-44.90085
G1 F137.3 X-9.573 Y2.236 B-44.90395
G1 F138.2 X-8.955 Y2.431 B-44.90836
G1 F143.5 X-8.037 Y2.587 B-44.91446
G1 F148.5 X-7.189 Y2.577 B-44.91983
G1 F148.1 X-6.57 Y2.467 B-44.92382
G1 F146.3 X-6.114 Y2.27 B-44.92701
G0 F120 X-5.958 Y2.146
G1 F300 B-38.42701
;MESH:NONMESH
G0 F600 X-5.958 Y2.146 Z1.4
G0 F120 X-5.225 Y1.383
G0 X-5.145 Y0.842
G0 X-4.054 Y0.903
G0 X-3.71 Y3.756
G0 X-1.465 Y3.756
G0 X3.09 Y0.842
G0 X9.183 Y-.696
;TIME_ELAPSED:1698.988440
;LAYER:11
;TYPE:WALL-OUTER
;MESH:Part Studio 1-2.stl
G1 F300 B-44.92701
G1 F116.1 X9.136 Y-.906 B-44.92876
G1 F106.4 X4.504 Y-.906 B-44.96971
G1 F116.1 X4.457 Y-.696 B-44.97145
G1 F127.7 X4.457 Y2.865 B-44.99769
G1 X3.987 Y2.865 B-45.00115
G1 X3.987 Y-.696 B-45.02739
G1 F116.1 X4.034 Y-1.116 B-45.03081
G1 F115.6 X3.989 Y-1.455 B-45.03359
G1 F127.1 X3.987 Y-4.737 B-45.05788
G1 F127.7 X4.457 Y-4.737 B-45.06134
G1 F127.1 X4.458 Y-1.495 B-45.08533
G1 F115.6 X4.504 Y-1.326 B-45.08675
G1 F106.4 X9.136 Y-1.326 B-45.1277
G1 F115.8 X9.182 Y-1.495 B-45.12912
G1 F127.1 X9.183 Y-4.737 B-45.15311
G1 F127.7 X9.653 Y-4.737 B-45.15657
G1 F127.1 X9.652 Y-1.455 B-45.18086
G1 F115.8 X9.606 Y-1.116 B-45.18363
G1 F116.1 X9.653 Y-.696 B-45.18706
G1 F127.7 X9.653 Y2.865 B-45.2133
G1 X9.183 Y2.865 B-45.21676
G1 X9.183 Y-.696 B-45.24299
G0 F120 X9.14 Y-.891
G1 F300 B-38.74299
G0 F120 X9.409 Y-1.078
G0 X4.256 Y-1.137
G0 X4.185 Y-.274
G0 X3.09 Y-.274
G0 X0.172 Y0.455
G0 X-.48 Y0.561
G0 X-1.465 Y0.577
G0 X-2.308 Y-.274
G1 F300 B-45.24299
G1 F116.7 X-2.351 Y-0.072 B-45.24466
G1 F127.7 X-2.351 Y2.865 B-45.2663
G1 X-2.821 Y2.865 B-45.26976
G1 X-2.821 Y-0.072 B-45.2914
G1 F116.7 X-2.778 Y-.476 B-45.29467
G1 F116.3 X-2.819 Y-.799 B-45.2973
G1 F127.1 X-2.821 Y-4.16 B-45.32217
G1 F121.5 X-2.798 Y-4.714 B-45.32647
G1 F129.6 X-2.186 Y-4.766 B-45.33092
G1 F146.3 X-.699 Y-4.763 B-45.34048
G1 F142.9 X-0.053 Y-4.695 B-45.34476
G1 F138.2 X0.37 Y-4.596 B-45.34771
G1 F134.5 X0.774 Y-4.441 B-45.35074
G1 F130.4 X1.019 Y-4.299 B-45.35278
G1 F125.5 X1.298 Y-4.069 B-45.35549
G1 F122.4 X1.538 Y-3.762 B-45.35848
G1 F120.5 X1.68 Y-3.446 B-45.36119
G1 F121 X1.8 Y-2.939 B-45.36524
G1 F124 X1.796 Y-2.234 B-45.37059
G1 F126.1 X1.593 Y-1.534 B-45.37602
G1 F128.8 X1.445 Y-1.286 B-45.37813
G1 F134.2 X1.122 Y-.929 B-45.38151
G1 F141.5 X0.487 Y-.55 B-45.38642
G1 F144.6 X-0.031 Y-.391 B-45.38995
G1 F146.3 X-.697 Y-.278 B-45.39429
G1 F135.4 X-1.503 Y-.276 B-45.39989
G1 F115.6 X-2.309 Y-.274 B-45.40644
G0 F120 X-2.308 Y-.274
G0 X-2.349 Y-0.08
G0 X-2.308 Y-.678
G1 F115.6 X-1.511 Y-.68 B-45.41293
G1 F135.4 X-.714 Y-.682 B-45.41846
G1 F148.1 X0.06 Y-.831 B-45.42347
G1 F146.3 X0.457 Y-.992 B-45.42622
G1 F141.8 X0.853 Y-1.27 B-45.42943
G1 F133.3 X1.155 Y-1.697 B-45.43312
G1 F126.1 X1.318 Y-2.302 B-45.43779
G1 F124 X1.317 Y-2.875 B-45.44214
G1 F123 X1.118 Y-3.507 B-45.44721
G1 F125.5 X0.799 Y-3.881 B-45.45089
G1 F130.4 X0.577 Y-4.033 B-45.45283
G1 F137 X0.046 Y-4.243 B-45.45675
G1 F143.5 X-.73 Y-4.354 B-45.46189
G1 F146.3 X-2.151 Y-4.362 B-45.47102
G1 F132.7 X-2.351 Y-4.301 B-45.4725
G1 F124 X-2.35 Y-.839 B-45.49877
G1 F116.3 X-2.308 Y-.678 B-45.50011
G0 F120 X-2.108 Y-.678
G1 F300 B-39.00011
G0 F120 X-2.628 Y-.678
G0 X-2.627 Y1.816
G0 X-3.722 Y1.816
G0 X-4.156 Y1.76
G0 X-5.836 Y2.058
G1 F300 B-45.50011
G1 F137.6 X-5.647 Y1.834 B-45.50212
G1 F131.9 X-5.448 Y1.338 B-45.50593
G1 F126.6 X-5.448 Y0.691 B-45.51074
G1 F126.1 X-5.663 Y0.171 B-45.51493
G1 F128.2 X-6.015 Y-.174 B-45.51855
G1 F131.6 X-6.518 Y-.475 B-45.52274
G1 F132.2 X-7.9 Y-1.019 B-45.53331
G1 F130.4 X-8.556 Y-1.365 B-45.53866
G1 F128.5 X-8.986 Y-1.727 B-45.54277
G1 F126.1 X-9.138 Y-1.922 B-45.54462
G1 F125.8 X-9.323 Y-2.281 B-45.54764
G1 F126.1 X-9.43 Y-2.761 B-45.55131
G1 X-9.438 Y-3.236 B-45.55485
G1 X-9.39 Y-3.518 B-45.55699
G1 X-9.186 Y-3.978 B-45.56074
G1 F128.8 X-8.938 Y-4.273 B-45.56356
G1 F133.3 X-8.554 Y-4.556 B-45.56692
G1 F138.9 X-8.021 Y-4.772 B-45.57081
G1 F141.5 X-7.689 Y-4.835 B-45.57306
G1 X-7.101 Y-4.875 B-45.57698
G1 F140.2 X-6.495 Y-4.845 B-45.58105
G1 F137.6 X-5.721 Y-4.71 B-45.58642
G1 F137 X-5.19 Y-4.514 B-45.5903
G1 F137.3 X-5.337 Y-4.106 B-45.59328
G1 F137 X-5.837 Y-4.285 B-45.59692
G1 F138.9 X-6.668 Y-4.436 B-45.60264
G1 F143.5 X-7.396 Y-4.447 B-45.60741
G1 X-7.9 Y-4.366 B-45.61076
G1 F141.5 X-8.202 Y-4.25 B-45.61291
G1 F137 X-8.577 Y-3.995 B-45.61602
G1 F131.6 X-8.871 Y-3.578 B-45.61967
G1 F128.2 X-8.962 Y-3.22 B-45.62238
G1 F126.6 X-8.951 Y-2.74 B-45.62594
G1 F127.7 X-8.853 Y-2.378 B-45.62871
G1 F128.8 X-8.573 Y-1.966 B-45.63235
G1 F131.3 X-8.214 Y-1.692 B-45.63558
G1 F133 X-7.484 Y-1.334 B-45.64133
G1 F133.3 X-6.467 Y-.945 B-45.64901
G1 F130.4 X-5.848 Y-.627 B-45.65403
G1 F126.1 X-5.467 Y-.331 B-45.65763
G1 F123 X-5.152 Y0.082 B-45.6616
G1 X-4.968 Y0.648 B-45.66615
G1 F124.5 X-4.957 Y1.171 B-45.67011
G1 F126.6 X-4.991 Y1.428 B-45.67203
G1 F129.6 X-5.169 Y1.914 B-45.67579
G1 F132.5 X-5.355 Y2.186 B-45.67813
G1 F137 X-5.7 Y2.505 B-45.68136
G1 F140.5 X-6.02 Y2.696 B-45.68385
G1 F142.2 X-6.427 Y2.854 B-45.68674
G1 F142.9 X-6.952 Y2.964 B-45.69027
G1 X-7.626 Y3.002 B-45.69471
G1 F141.2 X-8.535 Y2.963 B-45.70078
G1 F138.2 X-9.273 Y2.801 B-45.70592
G1 X-9.577 Y2.691 B-45.70811
G1 F138.9 X-9.577 Y2.257 B-45.71105
G1 X-8.95 Y2.433 B-45.71546
G1 F140.2 X-8.27 Y2.553 B-45.7201
G1 F142.9 X-7.395 Y2.593 B-45.72586
G1 F145.6 X-6.666 Y2.494 B-45.73061
G1 F144.9 X-6.11 Y2.269 B-45.73451
G1 F141.5 X-5.836 Y2.058 B-45.73681
G0 F120 X-5.707 Y1.906
G1 F300 B-39.23681
;MESH:NONMESH
G0 F600 X-5.707 Y1.906 Z1.5
G0 F120 X-5.532 Y2.03
G0 X-5.181 Y1.375
G0 X-4.099 Y1.537
G0 X-3.71 Y3.756
G0 X-1.465 Y3.756
G0 X3.09 Y1.375
G0 X9.183 Y-.696
;TIME_ELAPSED:1778.044610
;LAYER:12
;TYPE:WALL-OUTER
;MESH:Part Studio 1-2.stl
G1 F300 B-45.73681
G1 F116.1 X9.136 Y-.906 B-45.73855
G1 F106.4 X4.504 Y-.906 B-45.7795
G1 F116.1 X4.457 Y-.696 B-45.78124
G1 F127.7 X4.457 Y2.865 B-45.80748
G1 X3.987 Y2.865 B-45.81094
G1 X3.987 Y-.696 B-45.83718
G1 F116.1 X4.034 Y-1.116 B-45.8406
G1 F115.6 X3.989 Y-1.455 B-45.84339
G1 F127.1 X3.987 Y-4.737 B-45.86767
G1 F127.7 X4.457 Y-4.737 B-45.87113
G1 F127.1 X4.458 Y-1.495 B-45.89512
G1 F115.6 X4.504 Y-1.326 B-45.89654
G1 F106.4 X9.136 Y-1.326 B-45.93749
G1 F115.8 X9.182 Y-1.495 B-45.93892
G1 F127.1 X9.183 Y-4.737 B-45.9629
G1 F127.7 X9.653 Y-4.737 B-45.96637
G1 F127.1 X9.652 Y-1.455 B-45.99065
G1 F115.8 X9.606 Y-1.116 B-45.99343
G1 F116.1 X9.653 Y-.696 B-45.99685
G1 F127.7 X9.653 Y2.865 B-46.02309
G1 X9.183 Y2.865 B-46.02655
G1 X9.183 Y-.696 B-46.05279
G0 F120 X9.14 Y-.891
G1 F300 B-39.55279
G0 F120 X9.409 Y-1.078
G0 X4.256 Y-1.137
G0 X4.185 Y-.274
G0 X3.09 Y-.274
G0 X0.034 Y0.505
G0 X-1.465 Y0.577
G0 X-2.308 Y-.274
G1 F300 B-46.05279
G1 F116.7 X-2.351 Y-0.072 B-46.05445
G1 F127.7 X-2.351 Y2.865 B-46.07609
G1 X-2.821 Y2.865 B-46.07955
G1 X-2.821 Y-0.072 B-46.10119
G1 F116.7 X-2.778 Y-.476 B-46.10446
G1 F116.3 X-2.819 Y-.799 B-46.1071
G1 F127.1 X-2.821 Y-4.16 B-46.13196
G1 F121.5 X-2.798 Y-4.714 B-46.13626
G1 F129.6 X-2.186 Y-4.766 B-46.14072
G1 F144.9 X-.499 Y-4.763 B-46.15166
G1 F141.5 X0.223 Y-4.639 B-46.15653
G1 F134.5 X0.78 Y-4.436 B-46.16068
G1 F126.8 X1.295 Y-4.076 B-46.16534
G1 F122.4 X1.538 Y-3.758 B-46.16841
G1 F121.5 X1.769 Y-3.138 B-46.17353
G1 F122.4 X1.819 Y-2.617 B-46.17755
G1 F123.5 X1.761 Y-2.028 B-46.18206
G1 F126.6 X1.53 Y-1.414 B-46.18694
G1 F130.4 X1.351 Y-1.168 B-46.18913
G1 F135.1 X0.937 Y-.79 B-46.19303
G1 F141.5 X0.567 Y-.582 B-46.19585
G1 F142.9 X-.139 Y-.359 B-46.20073
G1 F145.6 X-.96 Y-.28 B-46.20605
G1 F135.7 X-1.634 Y-.277 B-46.21072
G1 F115.6 X-2.308 Y-.274 B-46.21621
G0 F120 X-2.349 Y-0.079
G0 X-2.308 Y-.678
G1 F125 X-1.011 Y-.682 B-46.22597
G1 F147.8 X-.367 Y-.739 B-46.23008
G1 F147.4 X0.257 Y-.908 B-46.23421
G1 F146 X0.532 Y-1.033 B-46.23615
G1 F141.8 X0.87 Y-1.293 B-46.23898
G1 F134.5 X1.129 Y-1.644 B-46.24203
G1 F127.4 X1.303 Y-2.197 B-46.24631
G1 F124.2 X1.331 Y-2.662 B-46.24984
G1 F123.2 X1.271 Y-3.116 B-46.25333
G1 F123.5 X1.07 Y-3.584 B-46.25721
G1 F125.5 X0.847 Y-3.84 B-46.25976
G1 F131.6 X0.428 Y-4.107 B-46.26331
G1 F137.6 X0.097 Y-4.229 B-46.26572
G1 F141.5 X-.667 Y-4.355 B-46.27087
G1 F144.9 X-2.151 Y-4.362 B-46.2805
G1 F132.7 X-2.351 Y-4.301 B-46.28198
G1 F124 X-2.35 Y-.839 B-46.30824
G1 F116.3 X-2.308 Y-.678 B-46.30959
G0 F120 X-2.108 Y-.678
G1 F300 B-39.80959
G0 F120 X-2.628 Y-.678
G0 X-2.627 Y1.766
G0 X-3.722 Y1.766
G0 X-4.112 Y1.52
G0 X-5.983 Y2.181
G1 F300 B-46.30959
G1 F140.2 X-5.725 Y1.935 B-46.31198
G1 F132.7 X-5.486 Y1.478 B-46.31564
G1 F128.2 X-5.429 Y1.127 B-46.31824
G1 F126.6 X-5.453 Y0.661 B-46.32171
G1 F124.7 X-5.632 Y0.216 B-46.32533
G1 F126.1 X-5.864 Y-0.049 B-46.32796
G1 F129 X-6.142 Y-.257 B-46.33049
G1 F131.6 X-6.806 Y-.591 B-46.3358
G1 F131.9 X-7.877 Y-1.004 B-46.34399
G1 F129.9 X-8.555 Y-1.367 B-46.34956
G1 F127.4 X-8.794 Y-1.546 B-46.35176
G1 F126.1 X-9.146 Y-1.925 B-46.35562
G1 F126.6 X-9.326 Y-2.282 B-46.35859
G1 X-9.406 Y-2.572 B-46.36083
G1 X-9.432 Y-3.296 B-46.36621
G1 F127.1 X-9.277 Y-3.828 B-46.37031
G1 F129.3 X-9.084 Y-4.128 B-46.3729
G1 F131.9 X-8.778 Y-4.409 B-46.37587
G1 F135.4 X-8.226 Y-4.705 B-46.38022
G1 F140.2 X-7.528 Y-4.858 B-46.38501
G1 F141.5 X-6.896 Y-4.87 B-46.38921
G1 F139.9 X-6.395 Y-4.829 B-46.39259
G1 F138.2 X-5.541 Y-4.646 B-46.39853
G1 X-5.188 Y-4.516 B-46.40109
G1 F138.9 X-5.334 Y-4.108 B-46.40403
G1 X-5.596 Y-4.207 B-46.40592
G1 F140.8 X-6.32 Y-4.388 B-46.41091
G1 F143.5 X-7.062 Y-4.456 B-46.41579
G1 F143.9 X-7.538 Y-4.433 B-46.4189
G1 F144.2 X-7.905 Y-4.361 B-46.42134
G1 F142.2 X-8.371 Y-4.155 B-46.42471
G1 F135.1 X-8.712 Y-3.857 B-46.42787
G1 F129.3 X-8.844 Y-3.646 B-46.42968
G1 F127.1 X-8.961 Y-3.241 B-46.4328
G1 F126.6 X-8.945 Y-2.687 B-46.43691
G1 X-8.876 Y-2.429 B-46.4389
G1 F128.8 X-8.656 Y-2.059 B-46.44204
G1 F133.3 X-8.08 Y-1.6 B-46.44724
G1 F134.5 X-7.467 Y-1.325 B-46.45193
G1 F132.7 X-6.632 Y-1.008 B-46.45826
G1 F130.7 X-6.169 Y-.796 B-46.46193
G1 F128.8 X-5.756 Y-.557 B-46.46541
G1 F126.1 X-5.417 Y-.28 B-46.46868
G1 F123.5 X-5.261 Y-0.097 B-46.47051
G1 F123 X-5.029 Y0.381 B-46.47457
G1 F123.5 X-4.968 Y0.646 B-46.47665
G1 F125 X-4.952 Y1.061 B-46.47977
G1 F127.1 X-5.031 Y1.581 B-46.48366
G1 F129 X-5.133 Y1.842 B-46.48571
G1 F132.5 X-5.454 Y2.297 B-46.48966
G1 F138.2 X-5.926 Y2.65 B-46.49367
G1 F142.9 X-6.299 Y2.814 B-46.49635
G1 F143.5 X-6.806 Y2.94 B-46.49978
G1 F143.2 X-7.518 Y3.006 B-46.50447
G1 F140.2 X-8.572 Y2.957 B-46.51155
G1 F136.7 X-9.266 Y2.804 B-46.51644
G1 F137.6 X-9.576 Y2.693 B-46.51869
G1 F138.9 X-9.576 Y2.264 B-46.5216
G1 X-8.751 Y2.48 B-46.52737
G1 F140.2 X-8.27 Y2.553 B-46.53064
G1 F144.9 X-7.348 Y2.586 B-46.53662
G1 F147.8 X-6.635 Y2.486 B-46.54121
G1 F146.3 X-6.287 Y2.363 B-46.54358
G1 F144.2 X-5.983 Y2.181 B-46.54589
G0 F120 X-5.839 Y2.043
;TIME_ELAPSED:1846.760334
G1 F300 B-40.04589

M82 ;absolute extrusion mode
M104 S0
;End of Gcode
;SETTING_3 {"global_quality": "[general]\\nversion = 4\\nname = octaris\\ndefini
;SETTING_3 tion = fdmprinter\\n\\n[metadata]\\ntype = quality_changes\\nquality_
;SETTING_3 type = normal\\nsetting_version = 25\\n\\n[values]\\n\\n", "extruder_
;SETTING_3 quality": ["[general]\\nversion = 4\\nname = octaris\\ndefinition = c
;SETTING_3 ustom\\n\\n[metadata]\\ntype = quality_changes\\nquality_type = norma
;SETTING_3 l\\nintent_category = default\\nposition = 0\\nsetting_version = 25\\
;SETTING_3 n\\n[values]\\ncool_fan_enabled = False\\nretraction_speed = 5.0\\nsp
;SETTING_3 eed_print = 5.0\\nspeed_travel = 2.0\\n\\n", "[general]\\nversion = 4
;SETTING_3 \\nname = octaris\\ndefinition = fdmprinter\\n\\n[metadata]\\ntype = 
;SETTING_3 quality_changes\\nquality_type = normal\\nintent_category = default\\
;SETTING_3 nposition = 1\\nsetting_version = 25\\n\\n[values]\\n\\n"]}
